"","E-code","Local authority","Adult Social Care","ro1112","ro1718","change","percchange","E-code","Local authority","Children Social Care","ro1112","ro1718","change","percchange","E-code","Local authority","Environmental and regulatory services","figs1011","figs1718","change1118","percchange1118","E-code","Local authority","Highways and transport services","figs1011","figs1718","change1118","percchange1118","E-code","Local authority","Housing services (GFRA only)","figs1011","figs1718","change1118","percchange1118","E-code","Local authority","Planning and development services","figs1011","figs1718","change1118","percchange1118","E-code","Local authority","Unallocated financial reserves level","ro1011","ro1718","change","percchange","E-code","Local authority","Other earmarked financial reserves level","ro1011","ro1718","change","percchange"
"1","E5037","Enfield",100592,100592,"77926.363370002946",-22665.6366299971,-0.225322457352444,"E5037","Enfield",36896,36896,"46494.080621545574",9598.08062154557,0.260138785276062,"E5037","Enfield",21128,21128,"17783.019148759999",-3344.98085124,-0.158319805530102,"E5037","Enfield",18929,18929,"16490.98295089",-2438.01704911,-0.128797984526916,"E5037","Enfield",12144,12144,"13181.8845116753",1037.8845116753,0.0854647983922349,"E5037","Enfield",6501,6501,"1688.6651307739",-4812.3348692261,-0.740245326753746,"E5037","Enfield",12508,12508,69590.16242,57082.16242,4.56365225615606,"E5037","Enfield",60262,60262,69590.16242,9328.16241999999,0.154793442301948
"2","E0303","Reading UA",51030,51030,"40760.203664000008",-10269.796336,-0.201250173153047,"E0303","Reading UA",25849,25849,"45412.594677703462",19563.5946777035,0.756841451417984,"E0303","Reading UA",15113,15113,"10439.816338999992",-4673.18366100001,-0.309216149076954,"E0303","Reading UA",12172,12172,"5730.0666953000009",-6441.9333047,-0.529241973767663,"E0303","Reading UA",2650,2650,"6172.1861457999994",3522.1861458,1.3291268474717,"E0303","Reading UA",4631,4631,"-246.15366530000014",-4877.1536653,-1.05315345828115,"E0303","Reading UA",6794,6794,2855,-3939,-0.57977627318222,"E0303","Reading UA",22668,22668,2855,-19813,-0.874051526380801
"3","E5019","Southwark",95688,95688,"78270",-17418,-0.182029094557311,"E5019","Southwark",68041,68041,"83070",15029,0.220881527314413,"E5019","Southwark",48841,48841,"34823",-14018,-0.287012960422596,"E5019","Southwark",14862,14862,"13488",-1374,-0.09245054501413,"E5019","Southwark",34182,34182,"19440",-14742,-0.431279620853081,"E5019","Southwark",24194,24194,"7893",-16301,-0.673762089774324,"E5019","Southwark",18197,18197,66541,48344,2.65670165411881,"E5019","Southwark",84739,84739,66541,-18198,-0.214753537332279
"4","E4203","Manchester",174549,174549,"144005",-30544,-0.174988112220637,"E4203","Manchester",107429,107429,"115000",7571,0.0704744528944698,"E4203","Manchester",29490,29490,"33270",3780,0.128179043743642,"E4203","Manchester",20276,20276,"666",-19610,-0.967153284671533,"E4203","Manchester",25331,25331,"23482",-1849,-0.0729935651967944,"E4203","Manchester",35898,35898,"20480",-15418,-0.429494679369324,"E4203","Manchester",23026,23026,255094,232068,10.0785199339877,"E4203","Manchester",167371,167371,255094,87723,0.52412305596549
"5","E5022","Westminster",86296,86296,"71266",-15030,-0.174167979975897,"E5022","Westminster",38482,38482,"36324.482934896456",-2157.51706510354,-0.0560656167845628,"E5022","Westminster",59190,59190,"44364.651149999998",-14825.34885,-0.250470499239736,"E5022","Westminster",-11397,-11397,"-42499.669739999983",-31102.66974,2.72902252698078,"E5022","Westminster",39105,39105,"37003.326500000112",-2101.67349999989,-0.0537443677279092,"E5022","Westminster",9617,9617,"3080.6437100000021",-6536.35629,-0.679666870125819,"E5022","Westminster",32400,32400,144725.20074,112325.20074,3.46682718333333,"E5022","Westminster",26239,26239,144725.20074,118486.20074,4.51565230153588
"6","E4503","North Tyneside",64498,64498,"53291",-11207,-0.173757325808552,"E4503","North Tyneside",26330,26330,"28357",2027,0.0769844284086593,"E4503","North Tyneside",19283,19283,"15346",-3937,-0.204169475703988,"E4503","North Tyneside",5860,5860,"5555",-305,-0.0520477815699659,"E4503","North Tyneside",4360,4360,"3958",-402,-0.0922018348623853,"E4503","North Tyneside",3215,3215,"2077",-1138,-0.353965785381026,"E4503","North Tyneside",6602,6602,48611,42009,6.36307179642533,"E4503","North Tyneside",22493,22493,48611,26118,1.16116125016672
"7","E4205","Rochdale",63996,63996,"53123",-10873,-0.169901243827739,"E4205","Rochdale",30044,30044,"39412",9368,0.311809346292105,"E4205","Rochdale",13212,13212,"9253",-3959,-0.29965183166818,"E4205","Rochdale",9691,9691,"7462",-2229,-0.230007223196781,"E4205","Rochdale",14049,14049,"4950",-9099,-0.647661755285074,"E4205","Rochdale",10470,10470,"3454",-7016,-0.670105062082139,"E4205","Rochdale",15936,15936,127152,111216,6.9789156626506,"E4205","Rochdale",45427,45427,127152,81725,1.79904021837233
"8","E4204","Oldham",63112,63112,"52592",-10520,-0.166687793129674,"E4204","Oldham",25966,25966,"36031",10065,0.387622275283062,"E4204","Oldham",14120,14120,"10048",-4072,-0.288385269121813,"E4204","Oldham",12487,12487,"8699",-3788,-0.303355489709298,"E4204","Oldham",3066,3066,"4263",1197,0.39041095890411,"E4204","Oldham",8038,8038,"6192",-1846,-0.229659119183877,"E4204","Oldham",12722,12722,88807,76085,5.98058481370854,"E4204","Oldham",46221,46221,88807,42586,0.921356093550551
"9","E1501","Southend-on-Sea UA",47272,47272,"39512",-7760,-0.164156371636487,"E1501","Southend-on-Sea UA",22662,22662,"30066",7404,0.326714323537199,"E1501","Southend-on-Sea UA",14722,14722,"14047",-675,-0.0458497486754517,"E1501","Southend-on-Sea UA",8310,8310,"4982",-3328,-0.400481347773767,"E1501","Southend-on-Sea UA",9904,9904,"7356",-2548,-0.257269789983845,"E1501","Southend-on-Sea UA",3288,3288,"1713",-1575,-0.479014598540146,"E1501","Southend-on-Sea UA",11172,11172,60327,49155,4.39983888292159,"E1501","Southend-on-Sea UA",11818,11818,60327,48509,4.10467084108986
"10","E5013","Hackney",80905,80905,"68022",-12883,-0.159236141153204,"E5013","Hackney",48599,48599,"64691",16092,0.331117924237124,"E5013","Hackney",32394,32394,"24999",-7395,-0.228283015373217,"E5013","Hackney",11641,11641,"3797",-7844,-0.673825272742892,"E5013","Hackney",32827,32827,"26906",-5921,-0.180369817528254,"E5013","Hackney",18090,18090,"4708",-13382,-0.739745715865119,"E5013","Hackney",14989,14989,114401,99412,6.63233037560878,"E5013","Hackney",129925,129925,114401,-15524,-0.119484317875698
"11","E5018","Lewisham",94496,94496,"80119.820999999996",-14376.179,-0.152135317897054,"E5018","Lewisham",52029,52029,"63320",11291,0.217013588575602,"E5018","Lewisham",33085,33085,"22050",-11035,-0.333534834517153,"E5018","Lewisham",10606,10606,"6244",-4362,-0.411276635866491,"E5018","Lewisham",30410,30410,"15394",-15016,-0.493784939164748,"E5018","Lewisham",14113,14113,"3813",-10300,-0.729823566924113,"E5018","Lewisham",11511,11511,123685,112174,9.74493962296933,"E5018","Lewisham",52261,52261,123685,71424,1.36667878532749
"12","E2901","Northumberland UA",95302,95302,"81180",-14122,-0.148181570166418,"E2901","Northumberland UA",27625,27625,"44091",16466,0.596054298642534,"E2901","Northumberland UA",30603,30603,"31083",480,0.0156847367905107,"E2901","Northumberland UA",25595,25595,"13902",-11693,-0.456847040437585,"E2901","Northumberland UA",1561,1561,"2895.8825924999996",1334.8825925,0.8551457991672,"E2901","Northumberland UA",12843,12843,"1228",-11615,-0.904383710970957,"E2901","Northumberland UA",27556,27556,101380,73824,2.6790535636522,"E2901","Northumberland UA",26675,26675,101380,74705,2.80056232427366
"13","E4206","Salford",58358,58358,"49964",-8394,-0.143836320641557,"E4206","Salford",35059,35059,"43658.051412499997",8599.0514125,0.245273721797541,"E4206","Salford",12279,12279,"7804",-4475,-0.364443358579689,"E4206","Salford",10453,10453,"2279",-8174,-0.781976466086291,"E4206","Salford",18446,18446,"6789",-11657,-0.631952726878456,"E4206","Salford",22130,22130,"4635",-17495,-0.790555806597379,"E4206","Salford",9562,9562,76728,67166,7.02426270654675,"E4206","Salford",30248,30248,76728,46480,1.53663052102618
"14","E5030","Barking & Dagenham",52685,52685,"45738",-6947,-0.131859162949606,"E5030","Barking & Dagenham",40756,40756,"50854",10098,0.247767199921484,"E5030","Barking & Dagenham",11099,11099,"8305",-2794,-0.251734390485629,"E5030","Barking & Dagenham",7785,7785,"2639",-5146,-0.661014771997431,"E5030","Barking & Dagenham",4825,4825,"9543",4718,0.977823834196891,"E5030","Barking & Dagenham",8533,8533,"1485",-7048,-0.825969764443924,"E5030","Barking & Dagenham",8065,8065,42194,34129,4.23174209547427,"E5030","Barking & Dagenham",8155,8155,42194,34039,4.17400367872471
"15","E5034","Bromley",79856,79856,"69426",-10430,-0.130610098176718,"E5034","Bromley",30545,30545,"43385",12840,0.420363398264855,"E5034","Bromley",28075,28075,"24121",-3954,-0.140837043633126,"E5034","Bromley",20506,20506,"13053",-7453,-0.363454598654052,"E5034","Bromley",11434,11434,"16128",4694,0.410529998250831,"E5034","Bromley",5495,5495,"3399",-2096,-0.381437670609645,"E5034","Bromley",51855,51855,109192,57337,1.1057178671295,"E5034","Bromley",12744,12744,109192,96448,7.56811048336472
"16","E0703","Redcar & Cleveland UA",47086,47086,"41160",-5926,-0.125854818842119,"E0703","Redcar & Cleveland UA",16142,16142,"28976",12834,0.795068764713171,"E0703","Redcar & Cleveland UA",14504,14504,"11147",-3357,-0.231453392167678,"E0703","Redcar & Cleveland UA",13717,13717,"12718",-999,-0.0728293358606109,"E0703","Redcar & Cleveland UA",3599,3599,"2505",-1094,-0.303973325923868,"E0703","Redcar & Cleveland UA",9936,9936,"5050",-4886,-0.491747181964573,"E0703","Redcar & Cleveland UA",6431,6431,20913,14482,2.25190483595086,"E0703","Redcar & Cleveland UA",2726,2726,20913,18187,6.67168011738811
"17","E5011","Camden",91358,91358,"80430",-10928,-0.119617329626305,"E5011","Camden",46868,46868,"50953",4085,0.0871596825125885,"E5011","Camden",35615,35615,"22983",-12632,-0.354682016004493,"E5011","Camden",-1708,-1708,"-181",1527,-0.894028103044497,"E5011","Camden",47132,47132,"20389",-26743,-0.56740643299669,"E5011","Camden",18515,18515,"11350",-7165,-0.386983526870105,"E5011","Camden",12854,12854,80659,67805,5.27501166951922,"E5011","Camden",86317,86317,80659,-5658,-0.0655490807141119
"18","E4701","Bradford",137937,137937,"121535",-16402,-0.118909357170302,"E4701","Bradford",69610,69610,"92297",22687,0.325915816693004,"E4701","Bradford",43654,43654,"39724",-3930,-0.0900261144454116,"E4701","Bradford",18257,18257,"12080",-6177,-0.338335980719724,"E4701","Bradford",34397,34397,"12103",-22294,-0.648137919004564,"E4701","Bradford",46142,46142,"10217",-35925,-0.778574834207447,"E4701","Bradford",15060,15060,119363,104303,6.92583001328021,"E4701","Bradford",78197,78197,119363,41166,0.526439633234012
"19","E1102","Torbay UA",42759,42759,"37877",-4882,-0.114174793610702,"E1102","Torbay UA",21695,21695,"33527",11832,0.545379119612814,"E1102","Torbay UA",14757,14757,"12844",-1913,-0.129633394321339,"E1102","Torbay UA",8847,8847,"3581",-5266,-0.595230021476207,"E1102","Torbay UA",12164,12164,"3569",-8595,-0.706593225912529,"E1102","Torbay UA",3843,3843,"2343",-1500,-0.39032006245121,"E1102","Torbay UA",3777,3777,22579,18802,4.97802488747683,"E1102","Torbay UA",29645,29645,22579,-7066,-0.23835385393827
"20","E5042","Hounslow",55827,55827,"49853",-5974,-0.107009153277088,"E5042","Hounslow",34514,34514,"39059",4545,0.131685692762357,"E5042","Hounslow",14039,14039,"19274",5235,0.372889806966308,"E5042","Hounslow",9687,9687,"18858",9171,0.946732734592753,"E5042","Hounslow",14218,14218,"8625",-5593,-0.393374595583064,"E5042","Hounslow",2716,2716,"-2591",-5307,-1.9539764359352,"E5042","Hounslow",9379,9379,131875,122496,13.0606674485553,"E5042","Hounslow",47970,47970,131875,83905,1.74911402960183
"21","E4607","Wolverhampton",78226,78226,"70319",-7907,-0.101078925165546,"E4607","Wolverhampton",41206,41206,"57964",16758,0.406688346357327,"E4607","Wolverhampton",17238,17238,"19718",2480,0.143868198166841,"E4607","Wolverhampton",9233,9233,"5881",-3352,-0.363045597313982,"E4607","Wolverhampton",11237,11237,"6682",-4555,-0.405357301770935,"E4607","Wolverhampton",13294,13294,"6797",-6497,-0.488716714307206,"E4607","Wolverhampton",31920,31920,45670,13750,0.430764411027569,"E4607","Wolverhampton",31971,31971,45670,13699,0.428482061868568
"22","E1302","County Durham UA",150081,150081,"135191",-14890,-0.0992130915972042,"E1302","County Durham UA",56772,56772,"69473",12701,0.223719439160149,"E1302","County Durham UA",54339,54339,"45659",-8680,-0.15973794144169,"E1302","County Durham UA",44500,44500,"22976",-21524,-0.483685393258427,"E1302","County Durham UA",22805,22805,"15361",-7444,-0.326419644814734,"E1302","County Durham UA",43069,43069,"14459",-28610,-0.664282894889596,"E1302","County Durham UA",26977,26977,203076,176099,6.52774585758239,"E1302","County Durham UA",81302,81302,203076,121774,1.49779833214435
"23","E0521","Cambridgeshire",165551,165551,"149774",-15777,-0.0952999377835229,"E0521","Cambridgeshire",72842,72842,"91090",18248,0.250514812882678,"E0521","Cambridgeshire",25986,25986,"35308",9322,0.358731624721004,"E0521","Cambridgeshire",29218,29218,"30400",1182,0.040454514340475,"E0521","Cambridgeshire",11801,11801,"0",-11801,-1,"E0521","Cambridgeshire",4257,4257,"1320",-2937,-0.689922480620155,"E0521","Cambridgeshire",10177,10177,47779.44213,37602.44213,3.69484544856048,"E0521","Cambridgeshire",22521,22521,47779.44213,25258.44213,1.12155064739576
"24","E4404","Sheffield",151614,151614,"138477",-13137,-0.0866476710594008,"E4404","Sheffield",73156,73156,"88142",14986,0.204849909781836,"E4404","Sheffield",41443,41443,"39437",-2006,-0.0484038317689356,"E4404","Sheffield",25654,25654,"53230",27576,1.07492009043424,"E4404","Sheffield",37252,37252,"18226",-19026,-0.510737678513905,"E4404","Sheffield",28742,28742,"9318",-19424,-0.67580544151416,"E4404","Sheffield",21264,21264,90602,69338,3.26081640331076,"E4404","Sheffield",3753,3753,90602,86849,23.1412203570477
"25","E4602","Coventry",89070,89070,"81777",-7293,-0.0818794206803638,"E4602","Coventry",56577,56577,"78041",21464,0.379376778549587,"E4602","Coventry",22489,22489,"21365",-1124,-0.0499799902174396,"E4602","Coventry",9667,9667,"4946",-4721,-0.488362470259646,"E4602","Coventry",19979,19979,"9671",-10308,-0.515941738825767,"E4602","Coventry",17115,17115,"6972",-10143,-0.592638036809816,"E4602","Coventry",5316,5316,92926,87610,16.4804364183597,"E4602","Coventry",50617,50617,92926,42309,0.835865420708458
"26","E1620","Gloucestershire",169968,169968,"156173",-13795,-0.0811623364398004,"E1620","Gloucestershire",42447,42447,"82242",39795,0.937522086366528,"E1620","Gloucestershire",26600,26600,"26869",269,0.0101127819548872,"E1620","Gloucestershire",37923,37923,"33454",-4469,-0.117844052422013,"E1620","Gloucestershire",156,156,"190",34,0.217948717948718,"E1620","Gloucestershire",10263,10263,"936",-9327,-0.908798596901491,"E1620","Gloucestershire",11750,11750,118576,106826,9.09157446808511,"E1620","Gloucestershire",64627,64627,118576,53949,0.83477493926687
"27","E4208","Tameside",64304,64304,"59138",-5166,-0.080337148544414,"E4208","Tameside",27328,27328,"50069.89529",22741.89529,0.832182936548595,"E4208","Tameside",12702,12702,"9488",-3214,-0.253031018737207,"E4208","Tameside",9180,9180,"3136",-6044,-0.65838779956427,"E4208","Tameside",12913,12913,"3405",-9508,-0.736312243475567,"E4208","Tameside",4206,4206,"1943",-2263,-0.538040893961008,"E4208","Tameside",26290,26290,157558,131268,4.99307721567136,"E4208","Tameside",29566,29566,157558,127992,4.32902658459041
"28","E5041","Hillingdon",72670,72670,"67489.909749999992",-5180.09025000001,-0.0712823758084493,"E5041","Hillingdon",38790,38790,"46322.217312252185",7532.21731225219,0.194179358397839,"E5041","Hillingdon",16392,16392,"16049.968984330377",-342.031015669623,-0.0208657281399233,"E5041","Hillingdon",13240,13240,"11752.22508",-1487.77492,-0.11236970694864,"E5041","Hillingdon",18272,18272,"7585.6877297365727",-10686.3122702634,-0.584846337032806,"E5041","Hillingdon",3981,3981,"2219.0768278277465",-1761.92317217225,-0.442583062590368,"E5041","Hillingdon",18900,18900,31368.31094,12468.31094,0.659698991534391,"E5041","Hillingdon",4998,4998,31368.31094,26370.31094,5.27617265706283
"29","E2003","North East Lincolnshire UA",47170,47170,"44096",-3074,-0.0651685393258427,"E2003","North East Lincolnshire UA",21942,21942,"27750",5808,0.264697839759366,"E2003","North East Lincolnshire UA",18702,18702,"12675",-6027,-0.322264998395894,"E2003","North East Lincolnshire UA",8441,8441,"8845",404,0.0478616277692217,"E2003","North East Lincolnshire UA",9541,9541,"5663",-3878,-0.406456346294938,"E2003","North East Lincolnshire UA",7951,7951,"2913",-5038,-0.633630989812602,"E2003","North East Lincolnshire UA",9245,9245,24614,15369,1.66241211465657,"E2003","North East Lincolnshire UA",47010,47010,24614,-22396,-0.476409274622421
"30","E4502","Newcastle upon Tyne",100400,100400,"94141",-6259,-0.0623406374501992,"E4502","Newcastle upon Tyne",50061,50061,"53290",3229,0.0645013084037474,"E4502","Newcastle upon Tyne",33336,33336,"21234",-12102,-0.363030957523398,"E4502","Newcastle upon Tyne",10926,10926,"3328",-7598,-0.695405454878272,"E4502","Newcastle upon Tyne",20569,20569,"8635",-11934,-0.58019349506539,"E4502","Newcastle upon Tyne",15319,15319,"5147",-10172,-0.664012011227887,"E4502","Newcastle upon Tyne",10135,10135,86810,76675,7.56536753823384,"E4502","Newcastle upon Tyne",72102,72102,86810,14708,0.203988793653435
"31","E5016","Kensington & Chelsea",48836,48836,"45938.5",-2897.5,-0.0593312310590548,"E5016","Kensington & Chelsea",26660,26660,"35540",8880,0.333083270817704,"E5016","Kensington & Chelsea",29604,29604,"30566",962,0.0324956087015268,"E5016","Kensington & Chelsea",-245,-245,"-17121",-16876,68.8816326530612,"E5016","Kensington & Chelsea",20754,20754,"24122",3368,0.162281969740773,"E5016","Kensington & Chelsea",9046,9046,"8436",-610,-0.0674331196108777,"E5016","Kensington & Chelsea",1000,1000,111220,110220,110.22,"E5016","Kensington & Chelsea",159322,159322,111220,-48102,-0.301916872748271
"32","E5010","City of London",6025,6025,"5697.200190580028",-327.799809419972,-0.0544066073726095,"E5010","City of London",1901,1901,"2817.5897860998548",916.589786099855,0.482161907469676,"E5010","City of London",15292,15292,"12262",-3030,-0.198142819775046,"E5010","City of London",3777,3777,"-5603",-9380,-2.48345247550966,"E5010","City of London",439,439,"2346.6960860707386",1907.69608607074,4.34554917100396,"E5010","City of London",-21116,-21116,"7125",28241,-1.3374218602008,"E5010","City of London",48500,48500,54491,5991,0.123525773195876,"E5010","City of London",81690,81690,54491,-27199,-0.332953849920431
"33","E3720","Warwickshire",135991,135991,"128735",-7256,-0.0533564721194785,"E3720","Warwickshire",53451,53451,"77232",23781,0.444912162541393,"E3720","Warwickshire",20739,20739,"22009",1270,0.0612372824147741,"E3720","Warwickshire",27152,27152,"28203",1051,0.0387080141426046,"E3720","Warwickshire",52,52,"3793",3741,71.9423076923077,"E3720","Warwickshire",5380,5380,"5949",569,0.105762081784387,"E3720","Warwickshire",8192,8192,103370,95178,11.618408203125,"E3720","Warwickshire",30379,30379,103370,72991,2.40267948253728
"34","E2002","Kingston upon Hull UA",77299,77299,"73270",-4029,-0.0521222784253354,"E2002","Kingston upon Hull UA",52686,52686,"58034",5348,0.101507041718863,"E2002","Kingston upon Hull UA",28591,28591,"28662",71,0.00248329894022595,"E2002","Kingston upon Hull UA",16562,16562,"8994",-7568,-0.456949643762831,"E2002","Kingston upon Hull UA",22508,22508,"12760",-9748,-0.433090456726497,"E2002","Kingston upon Hull UA",25525,25525,"8996",-16529,-0.647561214495593,"E2002","Kingston upon Hull UA",7397,7397,20841,13444,1.81749357847776,"E2002","Kingston upon Hull UA",31652,31652,20841,-10811,-0.3415581953747
"35","E5033","Brent",81917,81917,"77725",-4192,-0.0511737490386611,"E5033","Brent",45284,45284,"54295",9011,0.198988605246886,"E5033","Brent",26621,26621,"16685.265765199998",-9935.7342348,-0.373229188790804,"E5033","Brent",9146,9146,"17748",8602,0.940520446096654,"E5033","Brent",39973,39973,"15592",-24381,-0.609936707277412,"E5033","Brent",4650,4650,"15104",10454,2.24817204301075,"E5033","Brent",8963,8963,191943,182980,20.4150396072744,"E5033","Brent",41405,41405,191943,150538,3.63574447530491
"36","E4209","Trafford",53538,53538,"51192",-2346,-0.0438193432702006,"E4209","Trafford",21965,21965,"32118",10153,0.462235374459367,"E4209","Trafford",13811,13811,"4899",-8912,-0.645282745637535,"E4209","Trafford",7253,7253,"2372",-4881,-0.672962911898525,"E4209","Trafford",7777,7777,"1754",-6023,-0.774463160601774,"E4209","Trafford",3211,3211,"-185",-3396,-1.057614450327,"E4209","Trafford",8345,8345,44975,36630,4.38945476333134,"E4209","Trafford",26849,26849,44975,18126,0.675108942604939
"37","E4604","Sandwell",95071,95071,"91000",-4071,-0.0428206287932177,"E4604","Sandwell",47234,47234,"62459",15225,0.322331371469704,"E4604","Sandwell",32586,32586,"26220",-6366,-0.195359970539495,"E4604","Sandwell",11214,11214,"8280",-2934,-0.261637239165329,"E4604","Sandwell",7798,7798,"4780",-3018,-0.387022313413696,"E4604","Sandwell",15033,15033,"7475",-7558,-0.502760593361272,"E4604","Sandwell",37493,37493,80763,43270,1.15408209532446,"E4604","Sandwell",9878,9878,80763,70885,7.17604778295201
"38","E2302","Blackpool UA",45084,45084,"43502",-1582,-0.035090054121196,"E2302","Blackpool UA",24954,24954,"42505",17551,0.703334134808047,"E2302","Blackpool UA",23251,23251,"18658",-4593,-0.197539890757387,"E2302","Blackpool UA",13570,13570,"6849",-6721,-0.495283714075166,"E2302","Blackpool UA",9450,9450,"3367",-6083,-0.643703703703704,"E2302","Blackpool UA",11793,11793,"1905",-9888,-0.838463495293818,"E2302","Blackpool UA",6004,6004,36819,30815,5.13241172551632,"E2302","Blackpool UA",24493,24493,36819,12326,0.503245825337852
"39","E4305","Wirral",85868,85868,"82925",-2943,-0.0342735361252154,"E4305","Wirral",45172,45172,"62234",17062,0.377711856902506,"E4305","Wirral",19464,19464,"13731",-5733,-0.294543773119605,"E4305","Wirral",10087,10087,"7523",-2564,-0.254188559532071,"E4305","Wirral",16606,16606,"13438",-3168,-0.19077441888474,"E4305","Wirral",15157,15157,"5240",-9917,-0.654285148776143,"E4305","Wirral",13758,13758,42122,28364,2.06163686582352,"E4305","Wirral",56855,56855,42122,-14733,-0.259132881892534
"40","E2201","The Medway Towns UA",67307,67307,"65003.465070000006",-2303.53492999999,-0.0342242995527953,"E2201","The Medway Towns UA",29847,29847,"40622.173100000007",10775.1731,0.36101360605756,"E2201","The Medway Towns UA",23646,23646,"24902",1256,0.0531168062251544,"E2201","The Medway Towns UA",14023,14023,"6678",-7345,-0.523782357555445,"E2201","The Medway Towns UA",12885,12885,"9584",-3301,-0.256189367481568,"E2201","The Medway Towns UA",5809,5809,"902",-4907,-0.844723704596316,"E2201","The Medway Towns UA",8800,8800,11957,3157,0.35875,"E2201","The Medway Towns UA",4939,4939,11957,7018,1.42093541202673
"41","E4603","Dudley",90922,90922,"88035.544160655758",-2886.45583934424,-0.0317465062289022,"E4603","Dudley",36013,36013,"53128",17115,0.475245050398467,"E4603","Dudley",22015,22015,"20593",-1422,-0.0645923234158528,"E4603","Dudley",11564,11564,"9525",-2039,-0.176323071601522,"E4603","Dudley",10470,10470,"2305",-8165,-0.779847182425979,"E4603","Dudley",10023,10023,"12026",2003,0.199840367155542,"E4603","Dudley",3338,3338,24322,20984,6.28639904134212,"E4603","Dudley",42749,42749,24322,-18427,-0.43105101873728
"42","E5045","Newham",81470,81470,"79060",-2410,-0.0295814410212348,"E5045","Newham",55801,55801,"68716",12915,0.231447465099192,"E5045","Newham",36279,36279,"31303",-4976,-0.13715923812674,"E5045","Newham",14825,14825,"-891",-15716,-1.06010118043845,"E5045","Newham",26107,26107,"5815",-20292,-0.777262803079634,"E5045","Newham",14113,14113,"6409",-7704,-0.545879685396443,"E5045","Newham",25050,25050,151466,126416,5.04654690618762,"E5045","Newham",23916,23916,151466,127550,5.33324970730891
"43","E4705","Wakefield",80584,80584,"78259",-2325,-0.0288518812667527,"E4705","Wakefield",36061,36061,"50194",14133,0.391919247940989,"E4705","Wakefield",27436,27436,"29789",2353,0.0857632307916606,"E4705","Wakefield",10920,10920,"9673",-1247,-0.114194139194139,"E4705","Wakefield",12308,12308,"12245",-63,-0.00511862203444914,"E4705","Wakefield",8734,8734,"3422",-5312,-0.608197847492558,"E4705","Wakefield",6108,6108,71910.37751,65802.37751,10.7731462851997,"E4705","Wakefield",49652,49652,71910.37751,22258.37751,0.448287632119552
"44","E5038","Haringey",81351,81351,"79130.914241487975",-2220.08575851202,-0.027290208583939,"E5038","Haringey",64808,64808,"59757.186567022574",-5050.81343297743,-0.0779350301348202,"E5038","Haringey",20307,20307,"16821.099041233443",-3485.90095876656,-0.171660065926358,"E5038","Haringey",12255,12255,"-78.317906371919889",-12333.3179063719,-1.00639069003443,"E5038","Haringey",24417,24417,"30575.051169198508",6158.05116919851,0.25220343077358,"E5038","Haringey",9130,9130,"8399.7600647711679",-730.239935228832,-0.0799824682616465,"E5038","Haringey",10514,10514,62296,51782,4.92505231120411,"E5038","Haringey",52489,52489,62296,9807,0.1868391472499
"45","E4303","St Helens",52453,52453,"51132",-1321,-0.0251844508417059,"E4303","St Helens",20506,20506,"35244",14738,0.718716473227348,"E4303","St Helens",10496,10496,"7879",-2617,-0.249333079268293,"E4303","St Helens",6843,6843,"5393",-1450,-0.211895367528862,"E4303","St Helens",11035,11035,"7767",-3268,-0.29614861803353,"E4303","St Helens",9138,9138,"-155",-9293,-1.01696213613482,"E4303","St Helens",18621,18621,31742,13121,0.70463455238709,"E4303","St Helens",25634,25634,31742,6108,0.238277287976906
"46","E5048","Sutton",58130,58130,"56733",-1397,-0.0240323413039739,"E5048","Sutton",22189,22189,"38786",16597,0.74798323493623,"E5048","Sutton",20230,20230,"14828",-5402,-0.267029164607019,"E5048","Sutton",10302,10302,"8281",-2021,-0.196175499902931,"E5048","Sutton",7982,7982,"7962",-20,-0.00250563768479078,"E5048","Sutton",4067,4067,"2654",-1413,-0.347430538480452,"E5048","Sutton",7916,7916,23989,16073,2.03044466902476,"E5048","Sutton",15503,15503,23989,8486,0.547377926852867
"47","E0501","Peterborough UA",49164,49164,"48068",-1096,-0.0222927345211944,"E0501","Peterborough UA",26451,26451,"41565",15114,0.571396166496541,"E0501","Peterborough UA",10793,10793,"10647",-146,-0.0135272862040211,"E0501","Peterborough UA",10780,10780,"7731",-3049,-0.282838589981447,"E0501","Peterborough UA",7010,7010,"5030",-1980,-0.282453637660485,"E0501","Peterborough UA",8693,8693,"5728",-2965,-0.341079029103877,"E0501","Peterborough UA",3758,3758,34471,30713,8.17269824374667,"E0501","Peterborough UA",17078,17078,34471,17393,1.01844478276145
"48","E4501","Gateshead",69504,69504,"68091",-1413,-0.0203297651933702,"E4501","Gateshead",26936,26936,"36054",9118,0.338506088506088,"E4501","Gateshead",24670,24670,"16281",-8389,-0.340048642075395,"E4501","Gateshead",11819,11819,"4747",-7072,-0.598358575175565,"E4501","Gateshead",6243,6243,"3003",-3240,-0.518981259010091,"E4501","Gateshead",10243,10243,"1346",-8897,-0.868593185590159,"E4501","Gateshead",17505,17505,32567,15062,0.860439874321622,"E4501","Gateshead",49251,49251,32567,-16684,-0.338754543054963
"49","E5014","Hammersmith & Fulham",60554,60554,"59467",-1087,-0.0179509198401427,"E5014","Hammersmith & Fulham",37846,37846,"45587",7741,0.204539449347355,"E5014","Hammersmith & Fulham",27970,27970,"24876",-3094,-0.110618519842689,"E5014","Hammersmith & Fulham",-5113,-5113,"-10158",-5045,0.986700567181694,"E5014","Hammersmith & Fulham",24231,24231,"17405",-6826,-0.281705253600759,"E5014","Hammersmith & Fulham",6227,6227,"4768",-1459,-0.23430223221455,"E5014","Hammersmith & Fulham",15000,15000,94993.7489,79993.7489,5.33291659333333,"E5014","Hammersmith & Fulham",34408,34408,94993.7489,60585.7489,1.76080414147873
"50","E5031","Barnet",105465,105465,"103593.1767689985",-1871.8232310015,-0.0177482883516001,"E5031","Barnet",41250,41250,"66372.837354792442",25122.8373547924,0.609038481328302,"E5031","Barnet",24402,24402,"18737.462222769442",-5664.53777723056,-0.232134160201236,"E5031","Barnet",21292,21292,"18377.496101814795",-2914.5038981852,-0.136882580226621,"E5031","Barnet",12427,12427,"7469.6656250529059",-4957.33437494709,-0.398916421899662,"E5031","Barnet",3125,3125,"3938.6891005866646",813.689100586665,0.260380512187733,"E5031","Barnet",15780,15780,73362.91596,57582.91596,3.64910747528517,"E5031","Barnet",32567,32567,73362.91596,40795.91596,1.25267651180643
"51","E2401","Leicester City UA",100399,100399,"98800",-1599,-0.0159264534507316,"E2401","Leicester City UA",42128,42128,"71146",29018,0.688805545005697,"E2401","Leicester City UA",20662,20662,"25782",5120,0.247797889846094,"E2401","Leicester City UA",19937,19937,"17300",-2637,-0.132266639915735,"E2401","Leicester City UA",22904,22904,"9788",-13116,-0.572651065316102,"E2401","Leicester City UA",24146,24146,"5499",-18647,-0.77226041580386,"E2401","Leicester City UA",11167,11167,152417,141250,12.6488761529507,"E2401","Leicester City UA",82250,82250,152417,70167,0.853094224924012
"52","E4606","Walsall",76165,76165,"75056",-1109,-0.0145604936650693,"E4606","Walsall",53961,53961,"56090",2129,0.039454420785382,"E4606","Walsall",20084,20084,"15189",-4895,-0.243726349332802,"E4606","Walsall",10936,10936,"10269",-667,-0.0609912216532553,"E4606","Walsall",6022,6022,"4105",-1917,-0.318332779807373,"E4606","Walsall",12548,12548,"6773",-5775,-0.460232706407396,"E4606","Walsall",8267,8267,140819,132552,16.0338696020322,"E4606","Walsall",47009,47009,140819,93810,1.99557531536514
"53","E0920","Cumbria",143563,143563,"141624.13438999999",-1938.86561000001,-0.0135053294372506,"E0920","Cumbria",46623,46623,"80876",34253,0.734680308002488,"E0920","Cumbria",31497,31497,"35467",3970,0.126043750198432,"E0920","Cumbria",32065,32065,"34485",2420,0.0754716981132075,"E0920","Cumbria",11379,11379,"130",-11249,-0.988575445997012,"E0920","Cumbria",20609,20609,"7642",-12967,-0.629191130088796,"E0920","Cumbria",9767,9767,63817,54050,5.53394082113238,"E0920","Cumbria",57771,57771,63817,6046,0.104654584480102
"54","E4202","Bury",53801,53801,"53148",-653,-0.0121373208676419,"E4202","Bury",23377,23377,"24821",1444,0.0617701159259101,"E4202","Bury",9375,9375,"7022",-2353,-0.250986666666667,"E4202","Bury",6828,6828,"4748",-2080,-0.304628002343292,"E4202","Bury",3643,3643,"4095",452,0.12407356574252,"E4202","Bury",2836,2836,"2409",-427,-0.150564174894217,"E4202","Bury",11340,11340,28563,17223,1.51878306878307,"E4202","Bury",16084,16084,28563,12479,0.775864212882368
"55","E4201","Bolton",71961,71961,"71227",-734,-0.0101999694278845,"E4201","Bolton",31258,31258,"45134",13876,0.443918356900633,"E4201","Bolton",15965,15965,"16077",112,0.00701534606952709,"E4201","Bolton",11585,11585,"6344",-5241,-0.452395338800173,"E4201","Bolton",12041,12041,"3449",-8592,-0.713561996511918,"E4201","Bolton",9490,9490,"5309",-4181,-0.440569020021075,"E4201","Bolton",3347,3347,87800,84453,25.2324469674335,"E4201","Bolton",37055,37055,87800,50745,1.36945081635407
"56","E0702","Middlesborough UA",44547,44547,"44121",-426,-0.0095629335308775,"E0702","Middlesborough UA",29135,29135,"39633",10498,0.360322636004805,"E0702","Middlesborough UA",16105,16105,"11462",-4643,-0.288295560384974,"E0702","Middlesborough UA",22958,22958,"8757",-14201,-0.618564334872376,"E0702","Middlesborough UA",10178,10178,"5731",-4447,-0.436922774611908,"E0702","Middlesborough UA",11334,11334,"2203",-9131,-0.805629080642315,"E0702","Middlesborough UA",5721,5721,21215,15494,2.70826778535221,"E0702","Middlesborough UA",13259,13259,21215,7956,0.600045252281469
"57","E5044","Merton",51623,51623,"51352.610399999998",-270.389600000002,-0.00523777386048859,"E5044","Merton",21440,21440,"34445.581000000006",13005.581,0.606603591417911,"E5044","Merton",23338,23338,"16063",-7275,-0.311723369611792,"E5044","Merton",6137,6137,"-8416",-14553,-2.37135408179892,"E5044","Merton",9628,9628,"7564.1000000000013",-2063.9,-0.214364353967594,"E5044","Merton",3412,3412,"-1751",-5163,-1.51318874560375,"E5044","Merton",10649,10649,40123,29474,2.76777162174852,"E5044","Merton",4656,4656,40123,35467,7.61748281786942
"58","E4210","Wigan",79716,79716,"79329",-387,-0.0048547343067891,"E4210","Wigan",36392,36392,"48375",11983,0.329275664981315,"E4210","Wigan",28557,28557,"22226",-6331,-0.221696956963266,"E4210","Wigan",13100,13100,"6025",-7075,-0.540076335877863,"E4210","Wigan",11058,11058,"6143",-4915,-0.444474588533189,"E4210","Wigan",4702,4702,"5073",371,0.0789025946405785,"E4210","Wigan",44316,44316,84839,40523,0.914410145319975,"E4210","Wigan",19944,19944,84839,64895,3.25386081026875
"59","E5035","Croydon",107106,107106,"107017.30131999998",-88.6986800000159,-0.000828139226560752,"E5035","Croydon",66530,66530,"79035.707129999995",12505.70713,0.187970947392154,"E5035","Croydon",37902,37902,"31263.07935",-6638.92065,-0.175160167009656,"E5035","Croydon",12474,12474,"13912.124349999998",1438.12435,0.115289750681417,"E5035","Croydon",19294,19294,"23613.464830000004",4319.46483,0.223876066652846,"E5035","Croydon",9938,9938,"1625.3699299999994",-8312.63007,-0.836448990742604,"E5035","Croydon",0,0,6351.98844,6351.98844,NA,"E5035","Croydon",33996,33996,6351.98844,-27644.01156,-0.813154828803389
"60","E1701","Portsmouth UA",51825,51825,"51827",2,3.85914134105162e-05,"E1701","Portsmouth UA",26431,26431,"34320",7889,0.298475275244977,"E1701","Portsmouth UA",24128,24128,"15098",-9030,-0.374253978779841,"E1701","Portsmouth UA",9062,9062,"5124",-3938,-0.434561906863827,"E1701","Portsmouth UA",11609,11609,"3571",-8038,-0.692393832371436,"E1701","Portsmouth UA",3733,3733,"3324",-409,-0.109563353870881,"E1701","Portsmouth UA",25374,25374,146822,121448,4.78631670213604,"E1701","Portsmouth UA",48904,48904,146822,97918,2.00224930476035
"61","E4605","Solihull",58012,58012,"58106.588951688333",94.5889516883326,0.0016305066484233,"E4605","Solihull",29478,29478,"34660.571124080481",5182.57112408048,0.175811490741586,"E4605","Solihull",12726,12726,"16126.098684079589",3400.09868407959,0.26717732862483,"E4605","Solihull",8195,8195,"4524.1439801673323",-3670.85601983267,-0.447938501504901,"E4605","Solihull",1802,1802,"4020.4191235452331",2218.41912354523,1.23108719397627,"E4605","Solihull",2362,2362,"345",-2017,-0.85393734123624,"E4605","Solihull",7333,7333,32066,24733,3.37283512886949,"E4605","Solihull",31273,31273,32066,793,0.025357336999968
"62","E0304","Slough UA",37137,37137,"37376.191227206778",239.191227206778,0.00644077947079135,"E0304","Slough UA",19629,19629,"2796.3450499999981",-16832.65495,-0.85754011666412,"E0304","Slough UA",13882,13882,"15326.69815231356",1444.69815231356,0.104069885629849,"E0304","Slough UA",11125,11125,"7623.9276740000005",-3501.072326,-0.314703130426966,"E0304","Slough UA",10817,10817,"5688.7031295679981",-5128.296870432,-0.474096040531756,"E0304","Slough UA",3172,3172,"1731.7835199999997",-1440.21648,-0.454040504413619,"E0304","Slough UA",5389,5389,4565,-824,-0.152904063833735,"E0304","Slough UA",3688,3688,4565,877,0.237798264642082
"63","E2004","North Lincolnshire UA",38610,38610,"38910.070970000001",300.070970000001,0.00777184589484591,"E2004","North Lincolnshire UA",22378,22378,"28316.350118696999",5938.350118697,0.265365542885736,"E2004","North Lincolnshire UA",18251,18251,"18032.318199999998",-218.681800000002,-0.0119819078406664,"E2004","North Lincolnshire UA",13607,13607,"8767.9685880000015",-4839.031412,-0.355628089365768,"E2004","North Lincolnshire UA",14040,14040,"1048.2550799999999",-12991.74492,-0.925337957264957,"E2004","North Lincolnshire UA",6272,6272,"4883.4228234999991",-1388.5771765,-0.221393044722577,"E2004","North Lincolnshire UA",6858,6858,25270,18412,2.68474773986585,"E2004","North Lincolnshire UA",22607,22607,25270,2663,0.117795373114522
"64","E0601","Halton UA",38573,38573,"38906",333,0.00863298161926736,"E0601","Halton UA",18502,18502,"26651",8149,0.440438871473354,"E0601","Halton UA",14362,14362,"10683",-3679,-0.256162094415819,"E0601","Halton UA",15887,15887,"-9086",-24973,-1.57191414363945,"E0601","Halton UA",5782,5782,"1922",-3860,-0.667589069526116,"E0601","Halton UA",8271,8271,"4943",-3328,-0.402369725547092,"E0601","Halton UA",7175,7175,34947,27772,3.87066202090592,"E0601","Halton UA",27046,27046,34947,7901,0.29213192338978
"65","E1920","Hertfordshire",337046,337046,"339959",2913,0.00864273719314278,"E1920","Hertfordshire",119390,119390,"163908",44518,0.372878800569562,"E1920","Hertfordshire",43809,43809,"47104",3295,0.0752128558058846,"E1920","Hertfordshire",61937,61937,"62820",883,0.0142564218480068,"E1920","Hertfordshire",21145,21145,"6307",-14838,-0.70172617640104,"E1920","Hertfordshire",6217,6217,"3390",-2827,-0.454720926491877,"E1920","Hertfordshire",32145,32145,96637,64492,2.00628402550941,"E1920","Hertfordshire",42396,42396,96637,54241,1.27938956505331
"66","E3201","Telford and the Wrekin UA",46425,46425,"47011",586,0.0126225094238018,"E3201","Telford and the Wrekin UA",25456,25456,"34100",8644,0.339566310496543,"E3201","Telford and the Wrekin UA",14681,14681,"15382",701,0.0477487909542947,"E3201","Telford and the Wrekin UA",9403,9403,"7084",-2319,-0.246623418058067,"E3201","Telford and the Wrekin UA",7544,7544,"3197",-4347,-0.576219512195122,"E3201","Telford and the Wrekin UA",3810,3810,"3966",156,0.0409448818897638,"E3201","Telford and the Wrekin UA",4867,4867,65008.9355,60141.9355,12.3570855763304,"E3201","Telford and the Wrekin UA",24739,24739,65008.9355,40269.9355,1.6277915639274
"67","E5021","Wandsworth",92186,92186,"93416",1230,0.0133425899811251,"E5021","Wandsworth",39712,39712,"55182",15470,0.389554794520548,"E5021","Wandsworth",29280,29280,"24365",-4915,-0.167862021857924,"E5021","Wandsworth",1019,1019,"-3738",-4757,-4.66830225711482,"E5021","Wandsworth",16060,16060,"5732",-10328,-0.643088418430884,"E5021","Wandsworth",3136,3136,"2330",-806,-0.257015306122449,"E5021","Wandsworth",20085,20085,141185,121100,6.02937515558875,"E5021","Wandsworth",100813,100813,141185,40372,0.400464225843889
"68","E0704","Stockton-on-Tees UA",50336,50336,"51139",803,0.0159527972027972,"E0704","Stockton-on-Tees UA",24785,24785,"40937",16152,0.651684486584628,"E0704","Stockton-on-Tees UA",12219,12219,"12641",422,0.0345363777723218,"E0704","Stockton-on-Tees UA",13254,13254,"7686",-5568,-0.420099592575826,"E0704","Stockton-on-Tees UA",7801,7801,"3618",-4183,-0.536213305986412,"E0704","Stockton-on-Tees UA",8295,8295,"3793",-4502,-0.542736588306209,"E0704","Stockton-on-Tees UA",15215,15215,61853,46638,3.06526454157082,"E0704","Stockton-on-Tees UA",70857,70857,61853,-9004,-0.127072836840397
"69","E1101","Plymouth UA",72410,72410,"73589",1179,0.016282281452838,"E1101","Plymouth UA",35840,35840,"54866",19026,0.530859375,"E1101","Plymouth UA",24263,24263,"26456",2193,0.0903845361249639,"E1101","Plymouth UA",16588,16588,"12489",-4099,-0.247106341933928,"E1101","Plymouth UA",14780,14780,"5468",-9312,-0.630040595399188,"E1101","Plymouth UA",6124,6124,"-1039",-7163,-1.16966035271065,"E1101","Plymouth UA",11517,11517,26468,14951,1.29816792567509,"E1101","Plymouth UA",22471,22471,26468,3997,0.177873703885007
"70","E0302","West Berkshire UA",42620,42620,"43322",702,0.0164711403097137,"E0302","West Berkshire UA",16171,16171,"21839",5668,0.350503988621607,"E0302","West Berkshire UA",21005,21005,"20733",-272,-0.0129492977862414,"E0302","West Berkshire UA",8514,8514,"5513",-3001,-0.352478271082922,"E0302","West Berkshire UA",7736,7736,"2275",-5461,-0.705920372285419,"E0302","West Berkshire UA",3504,3504,"2133",-1371,-0.391267123287671,"E0302","West Berkshire UA",7117,7117,9849,2732,0.383869607980891,"E0302","West Berkshire UA",11133,11133,9849,-1284,-0.115332794395042
"71","E2820","Northamptonshire",168967,168967,"172530.05421876593",3563.05421876593,0.0210872786920874,"E2820","Northamptonshire",79526,79526,"131201.4080003066",51675.4080003066,0.649792621284946,"E2820","Northamptonshire",21942,21942,"29541",7599,0.346322121957889,"E2820","Northamptonshire",21268,21268,"22731.827273314993",1463.82727331499,0.0688276882318504,"E2820","Northamptonshire",0,0,"0",0,NA,"E2820","Northamptonshire",22385,22385,"3983",-18402,-0.822068349341077,"E2820","Northamptonshire",13129,13129,5185,-7944,-0.605072739736461,"E2820","Northamptonshire",30553,30553,5185,-25368,-0.830294897391418
"72","E5032","Bexley",55175,55175,"56456",1281,0.0232170367014046,"E5032","Bexley",19477,19477,"38196",18719,0.961082302202598,"E5032","Bexley",22215,22215,"19978",-2237,-0.100697726761197,"E5032","Bexley",13505,13505,"9436",-4069,-0.30129581636431,"E5032","Bexley",10237,10237,"10058",-179,-0.0174855914818795,"E5032","Bexley",6418,6418,"3114",-3304,-0.514802119040199,"E5032","Bexley",11846,11846,40971,29125,2.4586358264393,"E5032","Bexley",35535,35535,40971,5436,0.152975939214859
"73","E5017","Lambeth",99839,99839,"102226.98",2387.98,0.0239183084766474,"E5017","Lambeth",59885,59885,"92744.082907127697",32859.0829071277,0.548703062655551,"E5017","Lambeth",45504,45504,"28873.946621390576",-16630.0533786094,-0.365463549987021,"E5017","Lambeth",8799,8799,"8190.1489424685242",-608.851057531476,-0.0691954832971333,"E5017","Lambeth",40372,40372,"27163.037032500346",-13208.9629674997,-0.327181288207165,"E5017","Lambeth",16954,16954,"6156.4843365414445",-10797.5156634586,-0.636871278958273,"E5017","Lambeth",28716,28716,59651.7513,30935.7513,1.07730015670706,"E5017","Lambeth",66987,66987,59651.7513,-7335.2487,-0.109502570648036
"74","E1801","Herefordshire UA",56631,56631,"58191",1560,0.0275467500132436,"E1801","Herefordshire UA",16635,16635,"23427",6792,0.408295761947701,"E1801","Herefordshire UA",19247,19247,"17296",-1951,-0.101366446718969,"E1801","Herefordshire UA",10242,10242,"10233",-9,-0.000878734622144112,"E1801","Herefordshire UA",9358,9358,"1408",-7950,-0.84954050010686,"E1801","Herefordshire UA",5006,5006,"2939",-2067,-0.412904514582501,"E1801","Herefordshire UA",5390,5390,50658,45268,8.39851576994434,"E1801","Herefordshire UA",8740,8740,50658,41918,4.79610983981693
"75","E4403","Rotherham",75702,75702,"77915",2213,0.0292330453620776,"E4403","Rotherham",39841,39841,"85220",45379,1.13900253507693,"E4403","Rotherham",15984,15984,"17767",1783,0.111549049049049,"E4403","Rotherham",12614,12614,"8046",-4568,-0.36213730775329,"E4403","Rotherham",9483,9483,"1373",-8110,-0.855214594537594,"E4403","Rotherham",5912,5912,"2848",-3064,-0.518267929634641,"E4403","Rotherham",6130,6130,24693,18563,3.02822185970636,"E4403","Rotherham",39007,39007,24693,-14314,-0.366959776450381
"76","E1502","Thurrock UA",36528,36528,"37598",1070,0.0292925974594831,"E1502","Thurrock UA",21685,21685,"36624",14939,0.688909384367074,"E1502","Thurrock UA",15164,15164,"15505",341,0.0224874703244527,"E1502","Thurrock UA",6030,6030,"6569",539,0.0893864013266998,"E1502","Thurrock UA",4861,4861,"1727",-3134,-0.644723307961325,"E1502","Thurrock UA",4918,4918,"1395",-3523,-0.716348108987393,"E1502","Thurrock UA",2187,2187,406,-1781,-0.814357567443987,"E1502","Thurrock UA",2736,2736,406,-2330,-0.851608187134503
"77","E4504","South Tyneside",45829,45829,"47262",1433,0.0312684108315695,"E4504","South Tyneside",25468,25468,"29157",3689,0.144848437254594,"E4504","South Tyneside",15792,15792,"13728",-2064,-0.130699088145897,"E4504","South Tyneside",10352,10352,"7241",-3111,-0.300521638330757,"E4504","South Tyneside",5096,5096,"707",-4389,-0.861263736263736,"E4504","South Tyneside",7405,7405,"888",-6517,-0.880081026333558,"E4504","South Tyneside",1368,1368,28135,26767,19.5665204678363,"E4504","South Tyneside",22498,22498,28135,5637,0.250555604942662
"78","E1821","Worcestershire",151725,151725,"156547",4822,0.0317811830614599,"E1821","Worcestershire",50646,50646,"68703.112120000005",18057.11212,0.356535799865735,"E1821","Worcestershire",28747,28747,"37083",8336,0.289978084669705,"E1821","Worcestershire",29346,29346,"26689",-2657,-0.0905404484427179,"E1821","Worcestershire",2733,2733,"-59",-2792,-1.02158799853641,"E1821","Worcestershire",4005,4005,"4891",886,0.221223470661673,"E1821","Worcestershire",12732,12732,68554,55822,4.38438579956016,"E1821","Worcestershire",82201,82201,68554,-13647,-0.166019878103673
"79","E1301","Darlington UA",27896,27896,"28832",936,0.0335531975910525,"E1301","Darlington UA",16198,16198,"22329",6131,0.378503518952957,"E1301","Darlington UA",7804,7804,"6753",-1051,-0.134674525884162,"E1301","Darlington UA",7906,7906,"5286",-2620,-0.331393878067291,"E1301","Darlington UA",4505,4505,"2053",-2452,-0.544284128745838,"E1301","Darlington UA",3546,3546,"757",-2789,-0.786520022560632,"E1301","Darlington UA",15202,15202,14513,-689,-0.0453229838179187,"E1301","Darlington UA",2891,2891,14513,11622,4.02006226219301
"80","E2620","Norfolk",269947,269947,"279250",9303,0.0344623203814082,"E2620","Norfolk",91143,91143,"131266",40123,0.440220313134305,"E2620","Norfolk",38249,38249,"42593",4344,0.113571596643049,"E2620","Norfolk",50883,50883,"40903",-9980,-0.196136234105693,"E2620","Norfolk",21313,21313,"5566.8127400000294",-15746.18726,-0.738806702951249,"E2620","Norfolk",6649,6649,"7446",797,0.119867649270567,"E2620","Norfolk",15651,15651,68467,52816,3.3746086512044,"E2620","Norfolk",70007,70007,68467,-1540,-0.021997800219978
"81","E4402","Doncaster",77617,77617,"80343",2726,0.035121171908216,"E4402","Doncaster",45075,45075,"61638",16563,0.367454242928453,"E4402","Doncaster",25612,25612,"24704",-908,-0.0354521318132126,"E4402","Doncaster",11378,11378,"8642",-2736,-0.240464053436456,"E4402","Doncaster",21104,21104,"6440",-14664,-0.694844579226687,"E4402","Doncaster",24332,24332,"6344",-17988,-0.739273384843005,"E4402","Doncaster",5319,5319,42612,37293,7.01128031584884,"E4402","Doncaster",29595,29595,42612,13017,0.439837810440953
"82","E4505","Sunderland",74003,74003,"77216",3213,0.0434171587638339,"E4505","Sunderland",33879,33879,"58685",24806,0.732193984474158,"E4505","Sunderland",24876,24876,"17903",-6973,-0.280310339282843,"E4505","Sunderland",19227,19227,"9747",-9480,-0.493056639101264,"E4505","Sunderland",17345,17345,"2746",-14599,-0.841683482271548,"E4505","Sunderland",17914,17914,"7130",-10784,-0.601987272524283,"E4505","Sunderland",14749,14749,128334,113585,7.70120008136145,"E4505","Sunderland",131838,131838,128334,-3504,-0.026578073089701
"83","E4702","Calderdale",50665,50665,"52875",2210,0.043619855916313,"E4702","Calderdale",25653,25653,"42596",16943,0.660468561181928,"E4702","Calderdale",19676,19676,"21308",1632,0.0829436877414109,"E4702","Calderdale",8916,8916,"8548",-368,-0.041274113952445,"E4702","Calderdale",9642,9642,"4055",-5587,-0.579444098734702,"E4702","Calderdale",5695,5695,"5010",-685,-0.120280948200176,"E4702","Calderdale",9955,9955,34091,24136,2.4245102963335,"E4702","Calderdale",47017,47017,34091,-12926,-0.27492183678244
"84","E1702","Southampton UA",63346,63346,"66240",2894,0.0456855997221608,"E1702","Southampton UA",32405,32405,"42489",10084,0.311186545286221,"E1702","Southampton UA",19605,19605,"16133",-3472,-0.177097679163479,"E1702","Southampton UA",12698,12698,"4118",-8580,-0.675696960151205,"E1702","Southampton UA",15010,15010,"8891",-6119,-0.407661558960693,"E1702","Southampton UA",7851,7851,"3371",-4480,-0.570627945484652,"E1702","Southampton UA",19849,19849,82035,62186,3.13295380119905,"E1702","Southampton UA",8619,8619,82035,73416,8.51792551340063
"85","E0603","Cheshire East UA",111263,111263,"116767",5504,0.0494683767290114,"E0603","Cheshire East UA",41650,41650,"56558",14908,0.357935174069628,"E0603","Cheshire East UA",32653,32653,"30549",-2104,-0.0644351208158515,"E0603","Cheshire East UA",21286,21286,"17283",-4003,-0.188057878417739,"E0603","Cheshire East UA",10885,10885,"6869",-4016,-0.368948093706936,"E0603","Cheshire East UA",7948,7948,"9169",1221,0.153623553095118,"E0603","Cheshire East UA",10224,10224,46807,36583,3.57814945226917,"E0603","Cheshire East UA",18944,18944,46807,27863,1.47080869932432
"86","E5046","Redbridge",64533,64533,"67751.399999999994",3218.39999999999,0.0498721584305703,"E5046","Redbridge",27712,27712,"39754.592649999991",12042.59265,0.434562379113741,"E5046","Redbridge",19716,19716,"13364",-6352,-0.322174883343477,"E5046","Redbridge",13593,13593,"7448.3170000000009",-6144.683,-0.452047598028397,"E5046","Redbridge",15238,15238,"16788.792000000001",1550.792,0.101771361071007,"E5046","Redbridge",6579,6579,"3374",-3205,-0.487156102751178,"E5046","Redbridge",14639,14639,78457,63818,4.35945078215725,"E5046","Redbridge",51822,51822,78457,26635,0.513970900389796
"87","E5049","Waltham Forest",67525,67525,"71108",3583,0.0530618289522399,"E5049","Waltham Forest",43415,43415,"46854",3439,0.0792122538293217,"E5049","Waltham Forest",24627,24627,"13256",-11371,-0.461728996629715,"E5049","Waltham Forest",15660,15660,"12762",-2898,-0.185057471264368,"E5049","Waltham Forest",19149,19149,"16397",-2752,-0.143715076505301,"E5049","Waltham Forest",6857,6857,"5391",-1466,-0.213796120752516,"E5049","Waltham Forest",8008,8008,84654,76646,9.57117882117882,"E5049","Waltham Forest",54351,54351,84654,30303,0.557542639509853
"88","E1121","Devon",217276,217276,"229402.43665881082",12126.4366588108,0.0558112108967894,"E1121","Devon",71128,71128,"103135.74333834466",32007.7433383447,0.450002015216858,"E1121","Devon",36205,36205,"36843.732981888774",638.732981888774,0.0176421207537294,"E1121","Devon",66970,66970,"48613.455426734203",-18356.5445732658,-0.274101009008001,"E1121","Devon",19426,19426,"2701.3451682360137",-16724.654831764,-0.86094177039864,"E1121","Devon",9983,9983,"6055.3153481020308",-3927.68465189797,-0.393437308614441,"E1121","Devon",14292,14292,107258,92966,6.50475790652113,"E1121","Devon",41606,41606,107258,65652,1.57794548863145
"89","E0604","Cheshire West and Chester UA",90126,90126,"95230.73145374727",5104.73145374727,0.0566399424555319,"E0604","Cheshire West and Chester UA",39248,39248,"46185",6937,0.176747859763555,"E0604","Cheshire West and Chester UA",37726,37726,"26734.826090952651",-10991.1739090473,-0.291342148890615,"E0604","Cheshire West and Chester UA",24175,24175,"16660.536111798545",-7514.46388820146,-0.31083614842612,"E0604","Cheshire West and Chester UA",16420,16420,"9163.0845126488748",-7256.91548735113,-0.44195587620896,"E0604","Cheshire West and Chester UA",15588,15588,"7706",-7882,-0.505645368231973,"E0604","Cheshire West and Chester UA",19465,19465,78946.065,59481.065,3.05579578731056,"E0604","Cheshire West and Chester UA",22403,22403,78946.065,56543.065,2.52390595009597
"90","E1401","Brighton & Hove UA",80684,80684,"85629",4945,0.0612884834663626,"E1401","Brighton & Hove UA",46819,46819,"54410",7591,0.16213503064995,"E1401","Brighton & Hove UA",30927,30927,"21340",-9587,-0.309988036343648,"E1401","Brighton & Hove UA",8227,8227,"-815",-9042,-1.09906405737207,"E1401","Brighton & Hove UA",24298,24298,"22064",-2234,-0.0919417235986501,"E1401","Brighton & Hove UA",9407,9407,"4840",-4567,-0.485489529074094,"E1401","Brighton & Hove UA",13187,13187,27315,14128,1.07135815575946,"E1401","Brighton & Hove UA",63653,63653,27315,-36338,-0.570876470865474
"91","E1201","Poole UA",40057,40057,"42553",2496,0.0623112065306938,"E1201","Poole UA",12914,12914,"22283",9369,0.725491714418461,"E1201","Poole UA",13731,13731,"10276",-3455,-0.251620420945306,"E1201","Poole UA",7494,7494,"4172",-3322,-0.443287963704297,"E1201","Poole UA",7325,7325,"2891",-4434,-0.605324232081911,"E1201","Poole UA",3401,3401,"2289",-1112,-0.326962658041752,"E1201","Poole UA",7592,7592,26263,18671,2.45929926238145,"E1201","Poole UA",11063,11063,26263,15200,1.37394920003616
"92","E0104","North Somerset UA",59886,59886,"63679.309580000016",3793.30958000002,0.063342176468624,"E0104","North Somerset UA",18972,18972,"28383.092840000005",9411.09284,0.496051699346405,"E0104","North Somerset UA",14288,14288,"17495.014139999999",3207.01414,0.224455076987682,"E0104","North Somerset UA",12542,12542,"7455.6688199999999",-5086.33118,-0.405543867006857,"E0104","North Somerset UA",9097,9097,"7738.3380216395817",-1358.66197836042,-0.149352751276291,"E0104","North Somerset UA",3467,3467,"2661.5052300000002",-805.49477,-0.232331920969138,"E0104","North Somerset UA",6341,6341,30953,24612,3.88140671818325,"E0104","North Somerset UA",24834,24834,30953,6119,0.246396069904164
"93","E0701","Hartlepool UA",27552,27552,"29299.151894534094",1747.15189453409,0.063412888158177,"E0701","Hartlepool UA",16600,16600,"20810.570655000007",4210.57065500001,0.253648834638555,"E0701","Hartlepool UA",10264,10264,"8969",-1295,-0.126169134840218,"E0701","Hartlepool UA",7846,7846,"5903",-1943,-0.24764211062962,"E0701","Hartlepool UA",6001,6001,"2939.66606",-3061.33394,-0.510137300449925,"E0701","Hartlepool UA",11641,11641,"7289",-4352,-0.373851043724766,"E0701","Hartlepool UA",9970,9970,29098.93747,19128.93747,1.91864969608826,"E0701","Hartlepool UA",19400,19400,29098.93747,9698.93747,0.499945230412371
"94","E3021","Nottinghamshire",217162,217162,"231560",14398,0.0663007340142382,"E3021","Nottinghamshire",92460,92460,"121734",29274,0.316612589227774,"E3021","Nottinghamshire",31166,31166,"34711",3545,0.113745748572162,"E3021","Nottinghamshire",57455,57455,"45856",-11599,-0.201879731964146,"E3021","Nottinghamshire",0,0,"0",0,NA,"E3021","Nottinghamshire",5487,5487,"7238",1751,0.319117915071988,"E3021","Nottinghamshire",24839,24839,127946,103107,4.15101252063288,"E3021","Nottinghamshire",125284,125284,127946,2662,0.0212477251684174
"95","E1001","Derby City UA",70596,70596,"75729.62999999999",5133.62999999999,0.0727184259731428,"E1001","Derby City UA",35917,35917,"55484",19567,0.544783807110839,"E1001","Derby City UA",24140,24140,"16096.656209000001",-8043.343791,-0.333195683140017,"E1001","Derby City UA",23020,23020,"14799.51",-8220.49,-0.357102085143354,"E1001","Derby City UA",18771,18771,"5508",-13263,-0.706568643119706,"E1001","Derby City UA",5914,5914,"6557",643,0.108725059181603,"E1001","Derby City UA",0,0,98300,98300,NA,"E1001","Derby City UA",47700,47700,98300,50600,1.06079664570231
"96","E0305","Windsor & Maidenhead UA",34586,34586,"37122",2536,0.0733244665471578,"E0305","Windsor & Maidenhead UA",12710,12710,"19787",7077,0.556805664830842,"E0305","Windsor & Maidenhead UA",14732,14732,"12620",-2112,-0.143361390171056,"E0305","Windsor & Maidenhead UA",5080,5080,"1633",-3447,-0.678543307086614,"E0305","Windsor & Maidenhead UA",4818,4818,"4987",169,0.035076795350768,"E0305","Windsor & Maidenhead UA",4319,4319,"3152",-1167,-0.270201435517481,"E0305","Windsor & Maidenhead UA",4600,4600,6077,1477,0.321086956521739,"E0305","Windsor & Maidenhead UA",8356,8356,6077,-2279,-0.272738152225945
"97","E4601","Birmingham",295017,295017,"317558",22541,0.0764057664473573,"E4601","Birmingham",163044,163044,"206365",43321,0.265701283089227,"E4601","Birmingham",59940,59940,"80621",20681,0.345028361695028,"E4601","Birmingham",91565,91565,"78103",-13462,-0.14702124174084,"E4601","Birmingham",74627,74627,"36940",-37687,-0.505004890991196,"E4601","Birmingham",70871,70871,"31905",-38966,-0.54981586262364,"E4601","Birmingham",11423,11423,296750,285327,24.9782894160903,"E4601","Birmingham",44455,44455,296750,252295,5.67528961871556
"98","E2520","Lincolnshire",166531,166531,"179266",12735,0.0764722484102059,"E2520","Lincolnshire",54170,54170,"79334",25164,0.464537566918959,"E2520","Lincolnshire",29863,29863,"26840",-3023,-0.101228945517865,"E2520","Lincolnshire",54345,54345,"42842",-11503,-0.211666206642745,"E2520","Lincolnshire",213,213,"3583",3370,15.8215962441315,"E2520","Lincolnshire",16819,16819,"6510",-10309,-0.612937748974374,"E2520","Lincolnshire",14802,14802,160828,146026,9.86528847453047,"E2520","Lincolnshire",85310,85310,160828,75518,0.885218614464893
"99","E0306","Wokingham UA",44248,44248,"47755.285013550994",3507.28501355099,0.0792642608378005,"E0306","Wokingham UA",11857,11857,"17335.9958855",5478.9958855,0.462089557687442,"E0306","Wokingham UA",13976,13976,"13487",-489,-0.034988551803091,"E0306","Wokingham UA",9439,9439,"7536.3150733999992",-1902.6849266,-0.201576960122894,"E0306","Wokingham UA",2689,2689,"1485.12158",-1203.87842,-0.447704879137226,"E0306","Wokingham UA",2558,2558,"3501",943,0.368647380766224,"E0306","Wokingham UA",9322,9322,50545,41223,4.42211971679897,"E0306","Wokingham UA",2753,2753,50545,47792,17.3599709407919
"100","E5039","Harrow",62487,62487,"67474.487679000013",4987.48767900001,0.0798164046761728,"E5039","Harrow",27228,27228,"34116.127805010001",6888.12780501,0.2529795726829,"E5039","Harrow",15530,15530,"10317.380810800048",-5212.61918919995,-0.335648370199611,"E5039","Harrow",9805,9805,"9270.0483156999999",-534.9516843,-0.0545590703008669,"E5039","Harrow",11583,11583,"10098.951590199998",-1484.0484098,-0.128122974169041,"E5039","Harrow",5026,5026,"3093.2305699999974",-1932.76943,-0.38455420413848,"E5039","Harrow",6294,6294,29531,23237,3.69192882109946,"E5039","Harrow",15011,15011,29531,14520,0.967290653520751
"101","E5015","Islington",73912,73912,"79819",5907,0.0799193635674857,"E5015","Islington",45452,45452,"70994",25542,0.561955469506292,"E5015","Islington",27393,27393,"29252",1859,0.0678640528602198,"E5015","Islington",7082,7082,"-2709",-9791,-1.38251906241175,"E5015","Islington",25074,25074,"16579",-8495,-0.338797160405201,"E5015","Islington",18690,18690,"7663",-11027,-0.589994649545211,"E5015","Islington",11939,11939,64093,52154,4.36837256051596,"E5015","Islington",60427,60427,64093,3666,0.0606682443278667
"102","E1721","Hampshire",313904,313904,"339220",25316,0.0806488607982058,"E1721","Hampshire",102044,102044,"153711",51667,0.506320802790953,"E1721","Hampshire",39450,39450,"48468",9018,0.228593155893536,"E1721","Hampshire",68244,68244,"62927",-5317,-0.0779116112771819,"E1721","Hampshire",30770,30770,"110",-30660,-0.996425089372766,"E1721","Hampshire",10948,10948,"7673",-3275,-0.29914139568871,"E1721","Hampshire",33364,33364,436062,402698,12.069835751109,"E1721","Hampshire",120450,120450,436062,315612,2.62027397260274
"103","E1521","Essex",416581,416581,"450556",33975,0.0815567680715155,"E1521","Essex",155597,155597,"138693",-16904,-0.108639626728022,"E1521","Essex",60293,60293,"81339",21046,0.349062080175145,"E1521","Essex",92724,92724,"90527",-2197,-0.0236939735127906,"E1521","Essex",21,21,"1011",990,47.1428571428571,"E1521","Essex",17120,17120,"8401",-8719,-0.50928738317757,"E1521","Essex",33071,33071,75876,42805,1.29433642768589,"E1521","Essex",146383,146383,75876,-70507,-0.481661121851581
"104","E1421","East Sussex",177203,177203,"191904",14701,0.0829613494128203,"E1421","East Sussex",59389,59389,"69826",10437,0.175739615080234,"E1421","East Sussex",28197,28197,"32088",3891,0.13799340355357,"E1421","East Sussex",29748,29748,"27312",-2436,-0.081887858007261,"E1421","East Sussex",312,312,"7566",7254,23.25,"E1421","East Sussex",2441,2441,"2028",-413,-0.169192953707497,"E1421","East Sussex",7540,7540,104502,96962,12.8596816976127,"E1421","East Sussex",163130,163130,104502,-58628,-0.35939434806596
"105","E2701","York UA",48648,48648,"52768",4120,0.0846900180891301,"E2701","York UA",16686,16686,"20095",3409,0.204303008510128,"E2701","York UA",16221,16221,"15470",-751,-0.0462980087540842,"E2701","York UA",9772,9772,"6869",-2903,-0.297073270568973,"E2701","York UA",8484,8484,"5270",-3214,-0.378830740216879,"E2701","York UA",5523,5523,"3838",-1685,-0.305087814593518,"E2701","York UA",14510,14510,49435,34925,2.40696071674707,"E2701","York UA",15362,15362,49435,34073,2.21800546803802
"106","E3421","Staffordshire",201077,201077,"219390",18313,0.0910745634756834,"E3421","Staffordshire",76051,76051,"105687",29636,0.389685868693377,"E3421","Staffordshire",27367,27367,"31356",3989,0.145759491358205,"E3421","Staffordshire",43609,43609,"33536",-10073,-0.230984429819533,"E3421","Staffordshire",0,0,"0",0,NA,"E3421","Staffordshire",3606,3606,"-4565",-8171,-2.26594564614531,"E3421","Staffordshire",12374,12374,40583,28209,2.27969936964603,"E3421","Staffordshire",46397,46397,40583,-5814,-0.125309826066341
"107","E0301","Bracknell Forest UA",30336,30336,"33147",2811,0.0926621835443038,"E0301","Bracknell Forest UA",11054,11054,"20443",9389,0.849375791568663,"E0301","Bracknell Forest UA",10987,10987,"9889",-1098,-0.0999362883407664,"E0301","Bracknell Forest UA",6806,6806,"6109",-697,-0.102409638554217,"E0301","Bracknell Forest UA",3640,3640,"3252",-388,-0.106593406593407,"E0301","Bracknell Forest UA",2171,2171,"-1131",-3302,-1.52095808383234,"E0301","Bracknell Forest UA",8845,8845,28388,19543,2.20949689089881,"E0301","Bracknell Forest UA",7818,7818,28388,20570,2.63110770017907
"108","E1202","Bournemouth UA",54214,54214,"59273",5059,0.0933153797911978,"E1202","Bournemouth UA",23501,23501,"34372",10871,0.462576060593166,"E1202","Bournemouth UA",15052,15052,"14094.076878999991",-957.923121000009,-0.0636409195455759,"E1202","Bournemouth UA",8948,8948,"2009",-6939,-0.775480554313813,"E1202","Bournemouth UA",14637,14637,"7350",-7287,-0.497847919655667,"E1202","Bournemouth UA",5110,5110,"1685.4391379999995",-3424.560862,-0.670168466144814,"E1202","Bournemouth UA",18076,18076,22909,4833,0.267371099800841,"E1202","Bournemouth UA",36052,36052,22909,-13143,-0.364556751359148
"109","E0201","Luton UA",53593,53593,"58654",5061,0.0944339745862333,"E0201","Luton UA",28305,28305,"43630",15325,0.541423776717894,"E0201","Luton UA",18863,18863,"17031",-1832,-0.0971213486720034,"E0201","Luton UA",11962,11962,"8894",-3068,-0.256478849690687,"E0201","Luton UA",8184,8184,"10697",2513,0.307062561094819,"E0201","Luton UA",8080,8080,"3335",-4745,-0.587252475247525,"E0201","Luton UA",6803,6803,45871,39068,5.74276054681758,"E0201","Luton UA",22153,22153,45871,23718,1.07064505935991
"110","E1021","Derbyshire",209639,209639,"229936",20297,0.0968188171094119,"E1021","Derbyshire",61546,61546,"94273",32727,0.531748610795178,"E1021","Derbyshire",31460,31460,"44541",13081,0.415797838525111,"E1021","Derbyshire",50237,50237,"34052",-16185,-0.322172900451858,"E1021","Derbyshire",0,0,"3280",3280,NA,"E1021","Derbyshire",3696,3696,"3958",262,0.0708874458874459,"E1021","Derbyshire",85752,85752,149062,63310,0.738291818266629,"E1021","Derbyshire",61443,61443,149062,87619,1.42602086486662
"111","E4302","Liverpool",149069,149069,"163844",14775,0.0991151748519142,"E4302","Liverpool",62538,62538,"85666",23128,0.369823147526304,"E4302","Liverpool",46006,46006,"28744",-17262,-0.375211928878842,"E4302","Liverpool",18850,18850,"7436",-11414,-0.60551724137931,"E4302","Liverpool",54732,54732,"15344",-39388,-0.719652123072426,"E4302","Liverpool",43262,43262,"10170",-33092,-0.764920715639591,"E4302","Liverpool",15029,15029,127119,112090,7.45824738838246,"E4302","Liverpool",98691,98691,127119,28428,0.28805058211995
"112","E4401","Barnsley",56524,56524,"62181",5657,0.10008138136013,"E4401","Barnsley",27072,27072,"37721",10649,0.393358451536643,"E4401","Barnsley",23225,23225,"16519",-6706,-0.288740581270183,"E4401","Barnsley",6907,6907,"4262",-2645,-0.382944838569567,"E4401","Barnsley",6913,6913,"-301",-7214,-1.04354115434688,"E4401","Barnsley",10084,10084,"10391",307,0.0304442681475605,"E4401","Barnsley",10000,10000,117517,107517,10.7517,"E4401","Barnsley",46467,46467,117517,71050,1.52904211591022
"113","E4304","Sefton",85857,85857,"94466",8609,0.100271381483164,"E4304","Sefton",33804,33804,"41784",7980,0.236066737664182,"E4304","Sefton",15523,15523,"14002",-1521,-0.0979836371835341,"E4304","Sefton",14097,14097,"6275",-7822,-0.554869830460382,"E4304","Sefton",11256,11256,"5752",-5504,-0.488983653162758,"E4304","Sefton",15147,15147,"6156",-8991,-0.593582887700535,"E4304","Sefton",3661,3661,25220,21559,5.88882818901939,"E4304","Sefton",32838,32838,25220,-7618,-0.231987331749802
"114","E3620","Surrey",337985,337985,"372082",34097,0.100883175288844,"E3620","Surrey",106604,106604,"179877",73273,0.687338186184383,"E3620","Surrey",53838,53838,"60218",6380,0.118503659125525,"E3620","Surrey",68114,68114,"69866",1752,0.0257215844026191,"E3620","Surrey",19325,19325,"8898",-10427,-0.539560155239327,"E3620","Surrey",4674,4674,"4753",79,0.0169020111253744,"E3620","Surrey",31150,31150,86643,55493,1.78147672552167,"E3620","Surrey",37284,37284,86643,49359,1.32386546507885
"115","E3520","Suffolk",202145,202145,"222846",20701,0.102406688268322,"E3520","Suffolk",72081,72081,"97938",25857,0.35872143838182,"E3520","Suffolk",34786,34786,"20650",-14136,-0.406370378888058,"E3520","Suffolk",43089,43089,"41239",-1850,-0.042934391608067,"E3520","Suffolk",16380,16380,"7409",-8971,-0.547680097680098,"E3520","Suffolk",4428,4428,"-100",-4528,-1.02258355916892,"E3520","Suffolk",11767,11767,56578,44811,3.80819240248152,"E3520","Suffolk",71361,71361,56578,-14783,-0.207157971440983
"116","E2221","Kent",360886,360886,"398657",37771,0.104661859977943,"E2221","Kent",174538,174538,"207813",33275,0.190646163013212,"E2221","Kent",78300,78300,"75735",-2565,-0.0327586206896552,"E2221","Kent",86180,86180,"69923",-16257,-0.188640055697378,"E2221","Kent",41132,41132,"17818",-23314,-0.566809296897792,"E2221","Kent",11512,11512,"7873",-3639,-0.316104933981932,"E2221","Kent",25835,25835,160563,134728,5.21494097155022,"E2221","Kent",116197,116197,160563,44366,0.381817086499651
"117","E5040","Havering",58264,58264,"64450",6186,0.106171907181107,"E5040","Havering",24961,24961,"40245",15284,0.612315211730299,"E5040","Havering",12727,12727,"9673",-3054,-0.239962284906105,"E5040","Havering",16885,16885,"13395",-3490,-0.206692330470832,"E5040","Havering",6337,6337,"8547",2210,0.348745463152911,"E5040","Havering",7184,7184,"5372",-1812,-0.252227171492205,"E5040","Havering",12665,12665,57436,44771,3.53501776549546,"E5040","Havering",38766,38766,57436,18670,0.481607594283651
"118","E0103","South Gloucestershire UA",78701,78701,"87182",8481,0.10776229018691,"E0103","South Gloucestershire UA",19442,19442,"28386",8944,0.460034975825532,"E0103","South Gloucestershire UA",24959,24959,"27066",2107,0.084418446251853,"E0103","South Gloucestershire UA",17938,17938,"14807",-3131,-0.174545657263909,"E0103","South Gloucestershire UA",7783,7783,"5130",-2653,-0.340871129384556,"E0103","South Gloucestershire UA",6192,6192,"4789",-1403,-0.226582687338501,"E0103","South Gloucestershire UA",9235,9235,54760,45525,4.92961559285328,"E0103","South Gloucestershire UA",41557,41557,54760,13203,0.317708208003465
"119","E2321","Lancashire",352731,352731,"392354",39623,0.11233206040864,"E2321","Lancashire",109620,109620,"171866",62246,0.567834336799854,"E2321","Lancashire",87945,87945,"64549",-23396,-0.266029905054295,"E2321","Lancashire",79231,79231,"53832",-25399,-0.320568969216595,"E2321","Lancashire",0,0,"131",131,NA,"E2321","Lancashire",7897,7897,"3287",-4610,-0.583765987083703,"E2321","Lancashire",19850,19850,205676,185826,9.36151133501259,"E2321","Lancashire",123807,123807,205676,81869,0.661263094978475
"120","E2721","North Yorkshire",136371,136371,"152216",15845,0.116190392385478,"E2721","North Yorkshire",41273,41273,"48689",7416,0.1796816320597,"E2721","North Yorkshire",26507,26507,"35417",8910,0.336137624023843,"E2721","North Yorkshire",44800,44800,"42631",-2169,-0.0484151785714286,"E2721","North Yorkshire",17080,17080,"5315",-11765,-0.688817330210773,"E2721","North Yorkshire",4676,4676,"3736",-940,-0.201026518391788,"E2721","North Yorkshire",7394,7394,162061,154667,20.9179064106032,"E2721","North Yorkshire",57913,57913,162061,104148,1.79835270146599
"121","E0102","Bristol UA",140712,140712,"157330",16618,0.118099380294502,"E0102","Bristol UA",55573,55573,"79566",23993,0.431738434131683,"E0102","Bristol UA",47546,47546,"40252",-7294,-0.153409329912085,"E0102","Bristol UA",26239,26239,"23740",-2499,-0.0952399100575479,"E0102","Bristol UA",37353,37353,"27493",-9860,-0.263968088239231,"E0102","Bristol UA",12935,12935,"13066",131,0.0101275608813297,"E0102","Bristol UA",8869,8869,77252,68383,7.71033938437253,"E0102","Bristol UA",90972,90972,77252,-13720,-0.150815635580179
"122","E0401","Milton Keynes UA",53739,53739,"60378.598263493855",6639.59826349386,0.123552694756022,"E0401","Milton Keynes UA",31096,31096,"42306",11210,0.360496526884487,"E0401","Milton Keynes UA",25000,25000,"32232",7232,0.28928,"E0401","Milton Keynes UA",14006,14006,"3434",-10572,-0.754819363130087,"E0401","Milton Keynes UA",13416,13416,"11872",-1544,-0.115086463923673,"E0401","Milton Keynes UA",6494,6494,"5813",-681,-0.104866030181706,"E0401","Milton Keynes UA",7009,7009,80233,73224,10.44713939221,"E0401","Milton Keynes UA",15933,15933,80233,64300,4.03564928136572
"123","E5012","Greenwich",73019,73019,"82322",9303,0.127405195907914,"E5012","Greenwich",53150,53150,"70259",17109,0.321900282220132,"E5012","Greenwich",29539,29539,"32392",2853,0.0965841768509428,"E5012","Greenwich",15314,15314,"17190",1876,0.122502285490401,"E5012","Greenwich",16807,16807,"11983",-4824,-0.287023264116142,"E5012","Greenwich",23354,23354,"8350",-15004,-0.642459535839685,"E5012","Greenwich",16463,16463,104013.23641,87550.23641,5.31800014638887,"E5012","Greenwich",147233,147233,104013.23641,-43219.76359,-0.293546715681946
"124","E0421","Buckinghamshire",118853,118853,"134185.30338488705",15332.3033848871,0.129002241297124,"E0421","Buckinghamshire",45527,45527,"77073",31546,0.692907505436335,"E0421","Buckinghamshire",20359,20359,"7859",-12500,-0.613979075593104,"E0421","Buckinghamshire",30950,30950,"31803",853,0.0275605815831987,"E0421","Buckinghamshire",5489,5489,"2168",-3321,-0.605028238294771,"E0421","Buckinghamshire",2173,2173,"2428",255,0.117349286700414,"E0421","Buckinghamshire",19000,19000,97639.89873,78639.89873,4.13894203842105,"E0421","Buckinghamshire",37241,37241,97639.89873,60398.89873,1.62183879944148
"125","E5043","Kingston upon Thames",44606,44606,"50402.038360000064",5796.03836000006,0.129938536519752,"E5043","Kingston upon Thames",20833,20833,"22279",1446,0.0694091105457687,"E5043","Kingston upon Thames",15775,15775,"13960",-1815,-0.115055467511886,"E5043","Kingston upon Thames",7341,7341,"-691",-8032,-1.09412886527721,"E5043","Kingston upon Thames",6979,6979,"4284",-2695,-0.386158475426279,"E5043","Kingston upon Thames",1091,1091,"3050",1959,1.79560036663611,"E5043","Kingston upon Thames",3983,3983,23324,19341,4.85588752196837,"E5043","Kingston upon Thames",18451,18451,23324,4873,0.264104926562246
"126","E0202","Bedford UA",49083,49083,"55555.544000000002",6472.544,0.131869364138296,"E0202","Bedford UA",24401,24401,"32022",7621,0.312323265439941,"E0202","Bedford UA",16688,16688,"12009",-4679,-0.280381112176414,"E0202","Bedford UA",12156,12156,"8283",-3873,-0.318608094768016,"E0202","Bedford UA",8929,8929,"3577",-5352,-0.599395229029007,"E0202","Bedford UA",5255,5255,"1899",-3356,-0.638629876308278,"E0202","Bedford UA",7431,7431,30866,23435,3.15368052751985,"E0202","Bedford UA",21062,21062,30866,9804,0.465482860127243
"127","E2421","Leicestershire",129871,129871,"147369",17498,0.134733697284228,"E2421","Leicestershire",41765,41765,"68251",26486,0.634167365018556,"E2421","Leicestershire",30598,30598,"28369",-2229,-0.0728478985554611,"E2421","Leicestershire",35019,35019,"31615",-3404,-0.0972043747679831,"E2421","Leicestershire",303,303,"0",-303,-1,"E2421","Leicestershire",8885,8885,"2078",-6807,-0.766122678671919,"E2421","Leicestershire",9114,9114,118935,109821,12.0497037524687,"E2421","Leicestershire",58613,58613,118935,60322,1.02915735417058
"128","E4704","Leeds",203275,203275,"230803",27528,0.135422457262329,"E4704","Leeds",112646,112646,"163950",51304,0.455444489817659,"E4704","Leeds",59318,59318,"57242",-2076,-0.0349978084224013,"E4704","Leeds",28053,28053,"19862",-8191,-0.291983032117777,"E4704","Leeds",46757,46757,"15789",-30968,-0.662317941698569,"E4704","Leeds",29353,29353,"9547",-19806,-0.674752154805301,"E4704","Leeds",16077,16077,35401,19324,1.20196554083473,"E4704","Leeds",30095,30095,35401,5306,0.176308356869912
"129","E0602","Warrington UA",55113,55113,"62733.218000000001",7620.218,0.138265345744198,"E0602","Warrington UA",23149,23149,"36321.21",13172.21,0.569018532118018,"E0602","Warrington UA",13779,13779,"11916.701790000001",-1862.29821,-0.135154816024385,"E0602","Warrington UA",14230,14230,"8397.5738099999999",-5832.42619,-0.409868319747013,"E0602","Warrington UA",8698,8698,"4793",-3905,-0.448953782478731,"E0602","Warrington UA",2703,2703,"2135",-568,-0.210136884942656,"E0602","Warrington UA",4760,4760,32722,27962,5.87436974789916,"E0602","Warrington UA",17390,17390,32722,15332,0.881656124209316
"130","E1221","Dorset",121944,121944,"140230",18286,0.149954077281375,"E1221","Dorset",37236,37236,"58344",21108,0.566870770222365,"E1221","Dorset",17343,17343,"18422",1079,0.0622153030040939,"E1221","Dorset",27784,27784,"25522",-2262,-0.081413763317017,"E1221","Dorset",376,376,"24",-352,-0.936170212765957,"E1221","Dorset",8447,8447,"4918",-3529,-0.417781460873683,"E1221","Dorset",14837,14837,40199.57016,25362.57016,1.70941363887578,"E1221","Dorset",81253,81253,40199.57016,-41053.42984,-0.505254327101769
"131","E5020","Tower Hamlets",89342,89342,"102919.73691000001",13577.73691,0.151974848447539,"E5020","Tower Hamlets",49987,49987,"65774.470100000006",15787.4701,0.315831518194731,"E5020","Tower Hamlets",39457,39457,"34024.963964999995",-5432.036035,-0.137669767975264,"E5020","Tower Hamlets",7389,7389,"3874.6168299999981",-3514.38317,-0.475623652727027,"E5020","Tower Hamlets",28083,28083,"17505.481084999999",-10577.518915,-0.376652028451376,"E5020","Tower Hamlets",21391,21391,"11338.278750000001",-10052.72125,-0.469950972371558,"E5020","Tower Hamlets",27134,27134,112194,85060,3.13481241247144,"E5020","Tower Hamlets",84942,84942,112194,27252,0.320830684467048
"132","E4703","Kirklees",90868,90868,"104700",13832,0.152220803803319,"E4703","Kirklees",53691,53691,"76769",23078,0.429829952878509,"E4703","Kirklees",29593,29593,"22911",-6682,-0.225796641097557,"E4703","Kirklees",14791,14791,"11465",-3326,-0.224866472855115,"E4703","Kirklees",17205,17205,"12498",-4707,-0.273583260680035,"E4703","Kirklees",14615,14615,"3835",-10780,-0.737598357851522,"E4703","Kirklees",19171,19171,69775,50604,2.63961191382818,"E4703","Kirklees",10602,10602,69775,59173,5.58130541407282
"133","E3820","West Sussex",193583,193583,"223356.01296000002",29773.01296,0.153799729108445,"E3820","West Sussex",70576,70576,"112474",41898,0.593657900702788,"E3820","West Sussex",49823,49823,"67918",18095,0.363185677297634,"E3820","West Sussex",45794,45794,"47413",1619,0.0353539765034721,"E3820","West Sussex",14558,14558,"6945",-7613,-0.522942711910977,"E3820","West Sussex",5355,5355,"7541",2186,0.408216619981326,"E3820","West Sussex",16799,16799,154206,137407,8.17947496874814,"E3820","West Sussex",46562,46562,154206,107644,2.31184227481637
"134","E5047","Richmond upon Thames",58673,58673,"67817",9144,0.155846811991887,"E5047","Richmond upon Thames",18047,18047,"26877",8830,0.489277996342882,"E5047","Richmond upon Thames",12859,12859,"6864",-5995,-0.466210436270316,"E5047","Richmond upon Thames",8381,8381,"6471",-1910,-0.227896432406634,"E5047","Richmond upon Thames",8171,8171,"10385",2214,0.270958267041978,"E5047","Richmond upon Thames",7134,7134,"4434",-2700,-0.378469301934399,"E5047","Richmond upon Thames",0,0,30226,30226,NA,"E5047","Richmond upon Thames",35484,35484,30226,-5258,-0.148179461165596
"135","E3120","Oxfordshire",164909,164909,"190731",25822,0.156583327774712,"E3120","Oxfordshire",40350,40350,"93024",52674,1.30542750929368,"E3120","Oxfordshire",24355,24355,"28765",4410,0.181071648532129,"E3120","Oxfordshire",41678,41678,"37848",-3830,-0.09189500455876,"E3120","Oxfordshire",10834,10834,"2715",-8119,-0.749400036920805,"E3120","Oxfordshire",5571,5571,"3871",-1700,-0.305151678334231,"E3120","Oxfordshire",12929,12929,79031,66102,5.11269239693712,"E3120","Oxfordshire",54537,54537,79031,24494,0.449126281240259
"136","E2301","Blackburn with Darwen UA",39153,39153,"45646",6493,0.165836589788777,"E2301","Blackburn with Darwen UA",24795,24795,"29900",5105,0.205888283928211,"E2301","Blackburn with Darwen UA",14907,14907,"10296",-4611,-0.309317770175086,"E2301","Blackburn with Darwen UA",10060,10060,"4544",-5516,-0.54831013916501,"E2301","Blackburn with Darwen UA",10349,10349,"3759",-6590,-0.636776500144942,"E2301","Blackburn with Darwen UA",13715,13715,"3783",-9932,-0.724170616113744,"E2301","Blackburn with Darwen UA",4236,4236,22113,17877,4.22025495750708,"E2301","Blackburn with Darwen UA",8113,8113,22113,14000,1.72562553925798
"137","E4207","Stockport",69475,69475,"81765",12290,0.176898164807485,"E4207","Stockport",27569,27569,"36579",9010,0.326816351699373,"E4207","Stockport",17732,17732,"14158",-3574,-0.201556508008121,"E4207","Stockport",12942,12942,"8526",-4416,-0.34121464997682,"E4207","Stockport",12264,12264,"1687",-10577,-0.862442922374429,"E4207","Stockport",11990,11990,"5060",-6930,-0.577981651376147,"E4207","Stockport",7588,7588,67328,59740,7.87295730100158,"E4207","Stockport",24150,24150,67328,43178,1.78790890269151
"138","E5036","Ealing",86174,86174,"101587",15413,0.178859052614478,"E5036","Ealing",51099,51099,"71658",20559,0.40233664063876,"E5036","Ealing",26102,26102,"14605",-11497,-0.440464332235078,"E5036","Ealing",32412,32412,"10241",-22171,-0.68403677650253,"E5036","Ealing",22295,22295,"10595",-11700,-0.524781341107872,"E5036","Ealing",8639,8639,"2083",-6556,-0.758884130107651,"E5036","Ealing",15241,15241,67576,52335,3.43382980119415,"E5036","Ealing",72804,72804,67576,-5228,-0.0718092412504807
"139","E3001","City of Nottingham UA",88005,88005,"105172",17167,0.195068462019203,"E3001","City of Nottingham UA",58526,58526,"74621",16095,0.275005980248095,"E3001","City of Nottingham UA",31674,31674,"32005",331,0.0104502115299615,"E3001","City of Nottingham UA",38956,38956,"35539",-3417,-0.0877143443885409,"E3001","City of Nottingham UA",34210,34210,"16176",-18034,-0.52715580239696,"E3001","City of Nottingham UA",26525,26525,"14898",-11627,-0.438341187558907,"E3001","City of Nottingham UA",7058,7058,137604,130546,18.4961745536979,"E3001","City of Nottingham UA",65289,65289,137604,72315,1.10761384000368
"140","E2402","Rutland UA",8785,8785,"10770",1985,0.225953329538987,"E2402","Rutland UA",3172,3172,"5307",2135,0.673076923076923,"E2402","Rutland UA",3839,3839,"4670",831,0.216462620474082,"E2402","Rutland UA",4830,4830,"3340",-1490,-0.308488612836439,"E2402","Rutland UA",1545,1545,"421",-1124,-0.727508090614887,"E2402","Rutland UA",1664,1664,"1316",-348,-0.209134615384615,"E2402","Rutland UA",2258,2258,4753,2495,1.10496014171833,"E2402","Rutland UA",1609,1609,4753,3144,1.95400870105656
"141","E4301","Knowsley",49661,49661,"60943",11282,0.22718028231409,"E4301","Knowsley",22287,22287,"25175",2888,0.129582267689685,"E4301","Knowsley",12048,12048,"3485",-8563,-0.71074037184595,"E4301","Knowsley",10792,10792,"5103",-5689,-0.527149740548554,"E4301","Knowsley",11858,11858,"1469",-10389,-0.876117389104402,"E4301","Knowsley",45509,45509,"6975",-38534,-0.846733613131469,"E4301","Knowsley",5120,5120,25160,20040,3.9140625,"E4301","Knowsley",46795,46795,25160,-21635,-0.462335719628165
"142","E3401","Stoke-on-Trent UA",69342,69342,"85131",15789,0.227697499351043,"E3401","Stoke-on-Trent UA",33904,33904,"55381",21477,0.633465077866918,"E3401","Stoke-on-Trent UA",27131,27131,"23559",-3572,-0.131657513545391,"E3401","Stoke-on-Trent UA",14336,14336,"11998",-2338,-0.1630859375,"E3401","Stoke-on-Trent UA",12182,12182,"5660",-6522,-0.535380068954195,"E3401","Stoke-on-Trent UA",15664,15664,"5591",-10073,-0.643066905005107,"E3401","Stoke-on-Trent UA",5314,5314,45879,40565,7.63360933383515,"E3401","Stoke-on-Trent UA",61129,61129,45879,-15250,-0.249472427162231
"143","E0101","Bath & North East Somerset UA",51726,51726,"64068",12342,0.23860341027723,"E0101","Bath & North East Somerset UA",15784,15784,"24220.862108389832",8436.86210838983,0.534519900430172,"E0101","Bath & North East Somerset UA",17584,17584,"19077.08163211065",1493.08163211065,0.084911375802471,"E0101","Bath & North East Somerset UA",10838,10838,"2045.2817666949986",-8792.718233305,-0.811286052159531,"E0101","Bath & North East Somerset UA",7763,7763,"2018.4672920808505",-5744.53270791915,-0.739988755367661,"E0101","Bath & North East Somerset UA",7528,7528,"4938.5061786563674",-2589.49382134363,-0.343981644705584,"E0101","Bath & North East Somerset UA",14638,14638,31741,17103,1.16839732203853,"E0101","Bath & North East Somerset UA",17971,17971,31741,13770,0.766234488898781
"144","E0203","Central Bedfordshire UA",64368,64368,"79737",15369,0.238767710663684,"E0203","Central Bedfordshire UA",26644,26644,"38581",11937,0.448018315568233,"E0203","Central Bedfordshire UA",20406,20406,"21757",1351,0.0662060178378908,"E0203","Central Bedfordshire UA",16081,16081,"11755",-4326,-0.26901312107456,"E0203","Central Bedfordshire UA",5330,5330,"6731",1401,0.262851782363977,"E0203","Central Bedfordshire UA",12084,12084,"4319",-7765,-0.642585236676597,"E0203","Central Bedfordshire UA",5363,5363,50277,44914,8.37479022934924,"E0203","Central Bedfordshire UA",10634,10634,50277,39643,3.72794809102878
"145","E3901","Swindon UA",52811,52811,"65865",13054,0.247183351953192,"E3901","Swindon UA",21335,21335,"36442",15107,0.708085305835482,"E3901","Swindon UA",18687,18687,"15629",-3058,-0.163643174399315,"E3901","Swindon UA",8986,8986,"5612",-3374,-0.375472957934565,"E3901","Swindon UA",9158,9158,"4744",-4414,-0.481982965713038,"E3901","Swindon UA",1231,1231,"236",-995,-0.808285946385053,"E3901","Swindon UA",6000,6000,34263,28263,4.7105,"E3901","Swindon UA",29254,29254,34263,5009,0.171224447938743
"146","E2001","East Riding of Yorkshire UA",68298,68298,"86226",17928,0.262496705613634,"E2001","East Riding of Yorkshire UA",25782,25782,"37501",11719,0.454541928477232,"E2001","East Riding of Yorkshire UA",32310,32310,"32059",-251,-0.00776849272671,"E2001","East Riding of Yorkshire UA",27345,27345,"19262",-8083,-0.29559334430426,"E2001","East Riding of Yorkshire UA",7784,7784,"2619",-5165,-0.663540596094553,"E2001","East Riding of Yorkshire UA",11071,11071,"11808",737,0.0665703188510523,"E2001","East Riding of Yorkshire UA",24789,24789,138934,114145,4.60466335874783,"E2001","East Riding of Yorkshire UA",56981,56981,138934,81953,1.43825134694021
"147","E3320","Somerset",124237,124237,"157492",33255,0.267673881371894,"E3320","Somerset",46366,46366,"81437",35071,0.75639477203123,"E3320","Somerset",26449,26449,"27150",701,0.0265038375741994,"E3320","Somerset",32723,32723,"24236",-8487,-0.259358860740152,"E3320","Somerset",16860,16860,"3607",-13253,-0.786061684460261,"E3320","Somerset",5603,5603,"3806",-1797,-0.320721042298769,"E3320","Somerset",14155,14155,501,-13654,-0.964606146238078,"E3320","Somerset",18289,18289,501,-17788,-0.972606484772268
"148","E3902","Wiltshire UA",125629,125629,"160014",34385,0.273702727873341,"E3902","Wiltshire UA",40405,40405,"60393",19988,0.494691251082787,"E3902","Wiltshire UA",41663,41663,"43620",1957,0.0469721335477522,"E3902","Wiltshire UA",31117,31117,"20937",-10180,-0.327152360446058,"E3902","Wiltshire UA",13773,13773,"11071",-2702,-0.196180933710884,"E3902","Wiltshire UA",14718,14718,"6436",-8282,-0.562712325044164,"E3902","Wiltshire UA",13770,13770,33827,20057,1.45657225853304,"E3902","Wiltshire UA",24017,24017,33827,9810,0.40846067368947
"149","E0801","Cornwall UA",135100,135100,"174453",39353,0.291287934863064,"E0801","Cornwall UA",49832,49832,"67274",17442,0.350016053941243,"E0801","Cornwall UA",65655,65655,"69868",4213,0.0641687609473764,"E0801","Cornwall UA",35692,35692,"21659",-14033,-0.393169337666704,"E0801","Cornwall UA",28947,28947,"20566",-8381,-0.289529139461775,"E0801","Cornwall UA",21014,21014,"11876",-9138,-0.434852955172742,"E0801","Cornwall UA",14972,14972,205463,190491,12.7231498797756,"E0801","Cornwall UA",83024,83024,205463,122439,1.47474224320678
"150","E2101","Isle of Wight UA",41080,41080,"53511",12431,0.302604673807205,"E2101","Isle of Wight UA",16796,16796,"21018",4222,0.251369373660395,"E2101","Isle of Wight UA",12599,12599,"13113",514,0.0407968886419557,"E2101","Isle of Wight UA",11474,11474,"12508",1034,0.0901167857765383,"E2101","Isle of Wight UA",9127,9127,"4919",-4208,-0.46104963295716,"E2101","Isle of Wight UA",3660,3660,"2123",-1537,-0.419945355191257,"E2101","Isle of Wight UA",7273,7273,63706,56433,7.75924652825519,"E2101","Isle of Wight UA",14636,14636,63706,49070,3.35269199234764
"151","E3202","Shropshire UA",68856,68856,"95821.699307936346",26965.6993079363,0.391624539734175,"E3202","Shropshire UA",22763,22763,"32820.518633107014",10057.518633107,0.441836253266574,"E3202","Shropshire UA",31685,31685,"25216.214941400001",-6468.7850586,-0.204159225456841,"E3202","Shropshire UA",21311,21311,"16507.355255300001",-4803.6447447,-0.225406820172681,"E3202","Shropshire UA",7594,7594,"4010.987450499998",-3583.0125495,-0.471821510337109,"E3202","Shropshire UA",7753,7753,"5715.2312334000007",-2037.7687666,-0.26283616233716,"E3202","Shropshire UA",2500,2500,40759.97394,38259.97394,15.303989576,"E3202","Shropshire UA",30560,30560,40759.97394,10199.97394,0.333768780759162
"152","E4001","Isles of Scilly",717,717,"1020",303,0.422594142259414,"E4001","Isles of Scilly",248,248,"297",49,0.19758064516129,"E4001","Isles of Scilly",678,678,"543",-135,-0.199115044247788,"E4001","Isles of Scilly",187,187,"71",-116,-0.620320855614973,"E4001","Isles of Scilly",70,70,"3",-67,-0.957142857142857,"E4001","Isles of Scilly",950,950,"486",-464,-0.488421052631579,"E4001","Isles of Scilly",302,302,2514,2212,7.32450331125828,"E4001","Isles of Scilly",1973,1973,2514,541,0.274201723264065
